API/UWI,Date,Monthly Oil,Monthly Gas,Monthly Water,Monthly BOE,Days,Cum Oil,Cum Gas,Cum Water,Avg Oil,Avg Gas,Avg Water,Daily Avg BOE,Reservoir,DI Landing Zone,Well Name,Well Number,Operator Company Name,Production Type,Well Status,Entity Type,Total Proppant,Total Fluid,Gross Perforated Interval,DI Lateral Length,Producing Month Number,Monthly Oil Per perforated Ft,Monthly Gas Per perforated Ft,Monthly BOE Per perforated Ft,Daily Avg Oil Per perforated Ft,Daily Avg Gas Per perforated Ft,Daily Avg BOE Per perforated Ft,Cum Oil Per perforated Ft,Cum Gas Per perforated Ft,Cum BOE Per perforated Ft
3.51094E+13,1/1/1970,540,0,0,540,,540,0,0,17.42,0,0,18,HUNTON,,JULIUS,1,ASSIDUOUS ENERGY LLC,OIL,ACTIVE,WELL,,,74,,1,,,,,,,,,
3.51094E+13,2/1/1970,181,0,0,181,,721,0,0,6.46,0,0,6.03,HUNTON,,JULIUS,1,ASSIDUOUS ENERGY LLC,OIL,ACTIVE,WELL,,,74,,2,,,,,,,,,
3.51094E+13,3/1/1970,362,0,0,362,,1083,0,0,11.68,0,0,12.07,HUNTON,,JULIUS,1,ASSIDUOUS ENERGY LLC,OIL,ACTIVE,WELL,,,74,,3,,,,,,,,,
3.51094E+13,4/1/1970,358,0,0,358,,1441,0,0,11.93,0,0,11.93,HUNTON,,JULIUS,1,ASSIDUOUS ENERGY LLC,OIL,ACTIVE,WELL,,,74,,4,,,,,,,,,
3.51094E+13,5/1/1970,184,0,0,184,,1625,0,0,5.94,0,0,6.13,HUNTON,,JULIUS,1,ASSIDUOUS ENERGY LLC,OIL,ACTIVE,WELL,,,74,,5,,,,,,,,,
3.51094E+13,6/1/1970,178,0,0,178,,1803,0,0,5.93,0,0,5.93,HUNTON,,JULIUS,1,ASSIDUOUS ENERGY LLC,OIL,ACTIVE,WELL,,,74,,6,,,,,,,,,
3.51094E+13,7/1/1970,365,0,0,365,,2168,0,0,11.77,0,0,12.17,HUNTON,,JULIUS,1,ASSIDUOUS ENERGY LLC,OIL,ACTIVE,WELL,,,74,,7,,,,,,,,,
3.51094E+13,8/1/1970,178,0,0,178,,2346,0,0,5.74,0,0,5.93,HUNTON,,JULIUS,1,ASSIDUOUS ENERGY LLC,OIL,ACTIVE,WELL,,,74,,8,,,,,,,,,
3.51094E+13,9/1/1970,167,0,0,167,,2513,0,0,5.57,0,0,5.57,HUNTON,,JULIUS,1,ASSIDUOUS ENERGY LLC,OIL,ACTIVE,WELL,,,74,,9,,,,,,,,,
3.51094E+13,10/1/1970,180,0,0,180,,2693,0,0,5.81,0,0,6,HUNTON,,JULIUS,1,ASSIDUOUS ENERGY LLC,OIL,ACTIVE,WELL,,,74,,10,,,,,,,,,
3.51094E+13,11/1/1970,182,0,0,182,,2875,0,0,6.07,0,0,6.07,HUNTON,,JULIUS,1,ASSIDUOUS ENERGY LLC,OIL,ACTIVE,WELL,,,74,,11,,,,,,,,,
3.51094E+13,12/1/1970,367,0,0,367,,3242,0,0,11.84,0,0,12.23,HUNTON,,JULIUS,1,ASSIDUOUS ENERGY LLC,OIL,ACTIVE,WELL,,,74,,12,,,,,,,,,
3.51094E+13,1/1/1971,184,0,0,184,,3426,0,0,5.94,0,0,6.13,HUNTON,,JULIUS,1,ASSIDUOUS ENERGY LLC,OIL,ACTIVE,WELL,,,74,,13,,,,,,,,,
3.51094E+13,2/1/1971,189,0,0,189,,3615,0,0,6.75,0,0,6.3,HUNTON,,JULIUS,1,ASSIDUOUS ENERGY LLC,OIL,ACTIVE,WELL,,,74,,14,,,,,,,,,
3.51094E+13,3/1/1971,366,0,0,366,,3981,0,0,11.81,0,0,12.2,HUNTON,,JULIUS,1,ASSIDUOUS ENERGY LLC,OIL,ACTIVE,WELL,,,74,,15,,,,,,,,,
3.51094E+13,4/1/1971,557,0,0,557,,4538,0,0,18.57,0,0,18.57,HUNTON,,JULIUS,1,ASSIDUOUS ENERGY LLC,OIL,ACTIVE,WELL,,,74,,16,,,,,,,,,
3.51094E+13,5/1/1971,374,0,0,374,,4912,0,0,12.06,0,0,12.47,HUNTON,,JULIUS,1,ASSIDUOUS ENERGY LLC,OIL,ACTIVE,WELL,,,74,,17,,,,,,,,,
3.51094E+13,6/1/1971,178,0,0,178,,5090,0,0,5.93,0,0,5.93,HUNTON,,JULIUS,1,ASSIDUOUS ENERGY LLC,OIL,ACTIVE,WELL,,,74,,18,,,,,,,,,
3.51094E+13,7/1/1971,543,0,0,543,,5633,0,0,17.52,0,0,18.1,HUNTON,,JULIUS,1,ASSIDUOUS ENERGY LLC,OIL,ACTIVE,WELL,,,74,,19,,,,,,,,,
3.51094E+13,8/1/1971,371,0,0,371,,6004,0,0,11.97,0,0,12.37,HUNTON,,JULIUS,1,ASSIDUOUS ENERGY LLC,OIL,ACTIVE,WELL,,,74,,20,,,,,,,,,
3.51094E+13,9/1/1971,182,0,0,182,,6186,0,0,6.07,0,0,6.07,HUNTON,,JULIUS,1,ASSIDUOUS ENERGY LLC,OIL,ACTIVE,WELL,,,74,,21,,,,,,,,,
3.51094E+13,10/1/1971,374,0,0,374,,6560,0,0,12.06,0,0,12.47,HUNTON,,JULIUS,1,ASSIDUOUS ENERGY LLC,OIL,ACTIVE,WELL,,,74,,22,,,,,,,,,
3.51094E+13,11/1/1971,377,0,0,377,,6937,0,0,12.57,0,0,12.57,HUNTON,,JULIUS,1,ASSIDUOUS ENERGY LLC,OIL,ACTIVE,WELL,,,74,,23,,,,,,,,,
3.51094E+13,12/1/1971,187,0,0,187,,7124,0,0,6.03,0,0,6.23,HUNTON,,JULIUS,1,ASSIDUOUS ENERGY LLC,OIL,ACTIVE,WELL,,,74,,24,,,,,,,,,
3.51094E+13,1/1/1972,379,0,0,379,,7503,0,0,12.23,0,0,12.63,HUNTON,,JULIUS,1,ASSIDUOUS ENERGY LLC,OIL,ACTIVE,WELL,,,74,,25,,,,,,,,,
3.51094E+13,3/1/1972,187,0,0,187,,7690,0,0,6.03,0,0,6.23,HUNTON,,JULIUS,1,ASSIDUOUS ENERGY LLC,OIL,ACTIVE,WELL,,,74,,27,,,,,,,,,
3.51094E+13,4/1/1972,340,0,0,340,,8030,0,0,11.33,0,0,11.33,HUNTON,,JULIUS,1,ASSIDUOUS ENERGY LLC,OIL,ACTIVE,WELL,,,74,,28,,,,,,,,,
3.51094E+13,5/1/1972,356,0,0,356,,8386,0,0,11.48,0,0,11.87,HUNTON,,JULIUS,1,ASSIDUOUS ENERGY LLC,OIL,ACTIVE,WELL,,,74,,29,,,,,,,,,
3.51094E+13,6/1/1972,340,0,0,340,,8726,0,0,11.33,0,0,11.33,HUNTON,,JULIUS,1,ASSIDUOUS ENERGY LLC,OIL,ACTIVE,WELL,,,74,,30,,,,,,,,,
3.51094E+13,8/1/1972,523,0,0,523,,9249,0,0,16.87,0,0,17.43,HUNTON,,JULIUS,1,ASSIDUOUS ENERGY LLC,OIL,ACTIVE,WELL,,,74,,32,,,,,,,,,
3.51094E+13,9/1/1972,370,0,0,370,,9619,0,0,12.33,0,0,12.33,HUNTON,,JULIUS,1,ASSIDUOUS ENERGY LLC,OIL,ACTIVE,WELL,,,74,,33,,,,,,,,,
3.51094E+13,10/1/1972,187,0,0,187,,9806,0,0,6.03,0,0,6.23,HUNTON,,JULIUS,1,ASSIDUOUS ENERGY LLC,OIL,ACTIVE,WELL,,,74,,34,,,,,,,,,
3.51094E+13,11/1/1972,540,0,0,540,,10346,0,0,18,0,0,18,HUNTON,,JULIUS,1,ASSIDUOUS ENERGY LLC,OIL,ACTIVE,WELL,,,74,,35,,,,,,,,,
3.51094E+13,12/1/1972,367,0,0,367,,10713,0,0,11.84,0,0,12.23,HUNTON,,JULIUS,1,ASSIDUOUS ENERGY LLC,OIL,ACTIVE,WELL,,,74,,36,,,,,,,,,
3.51094E+13,1/1/1973,181,0,0,181,,10894,0,0,5.84,0,0,6.03,HUNTON,,JULIUS,1,ASSIDUOUS ENERGY LLC,OIL,ACTIVE,WELL,,,74,,37,,,,,,,,,
3.51094E+13,3/1/1973,354,0,0,354,,11248,0,0,11.42,0,0,11.8,HUNTON,,JULIUS,1,ASSIDUOUS ENERGY LLC,OIL,ACTIVE,WELL,,,74,,39,,,,,,,,,
3.51094E+13,4/1/1973,188,0,0,188,,11436,0,0,6.27,0,0,6.27,HUNTON,,JULIUS,1,ASSIDUOUS ENERGY LLC,OIL,ACTIVE,WELL,,,74,,40,,,,,,,,,
3.51094E+13,5/1/1973,182,0,0,182,,11618,0,0,5.87,0,0,6.07,HUNTON,,JULIUS,1,ASSIDUOUS ENERGY LLC,OIL,ACTIVE,WELL,,,74,,41,,,,,,,,,
3.51094E+13,6/1/1973,373,0,0,373,,11991,0,0,12.43,0,0,12.43,HUNTON,,JULIUS,1,ASSIDUOUS ENERGY LLC,OIL,ACTIVE,WELL,,,74,,42,,,,,,,,,
3.51094E+13,7/1/1973,187,0,0,187,,12178,0,0,6.03,0,0,6.23,HUNTON,,JULIUS,1,ASSIDUOUS ENERGY LLC,OIL,ACTIVE,WELL,,,74,,43,,,,,,,,,
3.51094E+13,8/1/1973,372,0,0,372,,12550,0,0,12,0,0,12.4,HUNTON,,JULIUS,1,ASSIDUOUS ENERGY LLC,OIL,ACTIVE,WELL,,,74,,44,,,,,,,,,
3.51094E+13,9/1/1973,564,0,0,564,,13114,0,0,18.8,0,0,18.8,HUNTON,,JULIUS,1,ASSIDUOUS ENERGY LLC,OIL,ACTIVE,WELL,,,74,,45,,,,,,,,,
3.51094E+13,10/1/1973,134,0,0,134,,13248,0,0,4.32,0,0,4.47,HUNTON,,JULIUS,1,ASSIDUOUS ENERGY LLC,OIL,ACTIVE,WELL,,,74,,46,,,,,,,,,
3.51094E+13,11/1/1973,369,0,0,369,,13617,0,0,12.3,0,0,12.3,HUNTON,,JULIUS,1,ASSIDUOUS ENERGY LLC,OIL,ACTIVE,WELL,,,74,,47,,,,,,,,,
3.51094E+13,12/1/1973,181,0,0,181,,13798,0,0,5.84,0,0,6.03,HUNTON,,JULIUS,1,ASSIDUOUS ENERGY LLC,OIL,ACTIVE,WELL,,,74,,48,,,,,,,,,
3.51094E+13,1/1/1974,185,0,0,185,,13983,0,0,5.97,0,0,6.17,HUNTON,,JULIUS,1,ASSIDUOUS ENERGY LLC,OIL,ACTIVE,WELL,,,74,,49,,,,,,,,,
3.51094E+13,2/1/1974,361,0,0,361,,14344,0,0,12.89,0,0,12.03,HUNTON,,JULIUS,1,ASSIDUOUS ENERGY LLC,OIL,ACTIVE,WELL,,,74,,50,,,,,,,,,
3.51094E+13,3/1/1974,184,0,0,184,,14528,0,0,5.94,0,0,6.13,HUNTON,,JULIUS,1,ASSIDUOUS ENERGY LLC,OIL,ACTIVE,WELL,,,74,,51,,,,,,,,,
3.51094E+13,4/1/1974,371,0,0,371,,14899,0,0,12.37,0,0,12.37,HUNTON,,JULIUS,1,ASSIDUOUS ENERGY LLC,OIL,ACTIVE,WELL,,,74,,52,,,,,,,,,
3.51094E+13,5/1/1974,187,0,0,187,,15086,0,0,6.03,0,0,6.23,HUNTON,,JULIUS,1,ASSIDUOUS ENERGY LLC,OIL,ACTIVE,WELL,,,74,,53,,,,,,,,,
3.51094E+13,6/1/1974,186,0,0,186,,15272,0,0,6.2,0,0,6.2,HUNTON,,JULIUS,1,ASSIDUOUS ENERGY LLC,OIL,ACTIVE,WELL,,,74,,54,,,,,,,,,
3.51094E+13,7/1/1974,520,0,0,520,,15792,0,0,16.77,0,0,17.33,HUNTON,,JULIUS,1,ASSIDUOUS ENERGY LLC,OIL,ACTIVE,WELL,,,74,,55,,,,,,,,,
3.51094E+13,8/1/1974,365,0,0,365,,16157,0,0,11.77,0,0,12.17,HUNTON,,JULIUS,1,ASSIDUOUS ENERGY LLC,OIL,ACTIVE,WELL,,,74,,56,,,,,,,,,
3.51094E+13,9/1/1974,178,0,0,178,,16335,0,0,5.93,0,0,5.93,HUNTON,,JULIUS,1,ASSIDUOUS ENERGY LLC,OIL,ACTIVE,WELL,,,74,,57,,,,,,,,,
3.51094E+13,10/1/1974,364,0,0,364,,16699,0,0,11.74,0,0,12.13,HUNTON,,JULIUS,1,ASSIDUOUS ENERGY LLC,OIL,ACTIVE,WELL,,,74,,58,,,,,,,,,
3.51094E+13,11/1/1974,379,0,0,379,,17078,0,0,12.63,0,0,12.63,HUNTON,,JULIUS,1,ASSIDUOUS ENERGY LLC,OIL,ACTIVE,WELL,,,74,,59,,,,,,,,,
3.51094E+13,12/1/1974,364,0,0,364,,17442,0,0,11.74,0,0,12.13,HUNTON,,JULIUS,1,ASSIDUOUS ENERGY LLC,OIL,ACTIVE,WELL,,,74,,60,,,,,,,,,
3.51094E+13,1/1/1975,367,0,0,367,,17809,0,0,11.84,0,0,12.23,HUNTON,,JULIUS,1,ASSIDUOUS ENERGY LLC,OIL,ACTIVE,WELL,,,74,,61,,,,,,,,,
3.51094E+13,2/1/1975,184,0,0,184,,17993,0,0,6.57,0,0,6.13,HUNTON,,JULIUS,1,ASSIDUOUS ENERGY LLC,OIL,ACTIVE,WELL,,,74,,62,,,,,,,,,
3.51094E+13,3/1/1975,368,0,0,368,,18361,0,0,11.87,0,0,12.27,HUNTON,,JULIUS,1,ASSIDUOUS ENERGY LLC,OIL,ACTIVE,WELL,,,74,,63,,,,,,,,,
3.51094E+13,4/1/1975,365,0,0,365,,18726,0,0,12.17,0,0,12.17,HUNTON,,JULIUS,1,ASSIDUOUS ENERGY LLC,OIL,ACTIVE,WELL,,,74,,64,,,,,,,,,
3.51094E+13,5/1/1975,553,0,0,553,,19279,0,0,17.84,0,0,18.43,HUNTON,,JULIUS,1,ASSIDUOUS ENERGY LLC,OIL,ACTIVE,WELL,,,74,,65,,,,,,,,,
3.51094E+13,6/1/1975,178,0,0,178,,19457,0,0,5.93,0,0,5.93,HUNTON,,JULIUS,1,ASSIDUOUS ENERGY LLC,OIL,ACTIVE,WELL,,,74,,66,,,,,,,,,
3.51094E+13,7/1/1975,361,0,0,361,,19818,0,0,11.65,0,0,12.03,HUNTON,,JULIUS,1,ASSIDUOUS ENERGY LLC,OIL,ACTIVE,WELL,,,74,,67,,,,,,,,,
3.51094E+13,8/1/1975,358,0,0,358,,20176,0,0,11.55,0,0,11.93,HUNTON,,JULIUS,1,ASSIDUOUS ENERGY LLC,OIL,ACTIVE,WELL,,,74,,68,,,,,,,,,
3.51094E+13,9/1/1975,174,0,0,174,,20350,0,0,5.8,0,0,5.8,HUNTON,,JULIUS,1,ASSIDUOUS ENERGY LLC,OIL,ACTIVE,WELL,,,74,,69,,,,,,,,,
3.51094E+13,10/1/1975,361,0,0,361,,20711,0,0,11.65,0,0,12.03,HUNTON,,JULIUS,1,ASSIDUOUS ENERGY LLC,OIL,ACTIVE,WELL,,,74,,70,,,,,,,,,
3.51094E+13,11/1/1975,365,0,0,365,,21076,0,0,12.17,0,0,12.17,HUNTON,,JULIUS,1,ASSIDUOUS ENERGY LLC,OIL,ACTIVE,WELL,,,74,,71,,,,,,,,,
3.51094E+13,12/1/1975,366,0,0,366,,21442,0,0,11.81,0,0,12.2,HUNTON,,JULIUS,1,ASSIDUOUS ENERGY LLC,OIL,ACTIVE,WELL,,,74,,72,,,,,,,,,
3.51094E+13,1/1/1976,317,0,0,317,,21759,0,0,10.23,0,0,10.57,HUNTON,,JULIUS,1,ASSIDUOUS ENERGY LLC,OIL,ACTIVE,WELL,,,74,,73,,,,,,,,,
3.51094E+13,2/1/1976,182,0,0,182,,21941,0,0,6.28,0,0,6.07,HUNTON,,JULIUS,1,ASSIDUOUS ENERGY LLC,OIL,ACTIVE,WELL,,,74,,74,,,,,,,,,
3.51094E+13,3/1/1976,180,0,0,180,,22121,0,0,5.81,0,0,6,HUNTON,,JULIUS,1,ASSIDUOUS ENERGY LLC,OIL,ACTIVE,WELL,,,74,,75,,,,,,,,,
3.51094E+13,4/1/1976,549,0,0,549,,22670,0,0,18.3,0,0,18.3,HUNTON,,JULIUS,1,ASSIDUOUS ENERGY LLC,OIL,ACTIVE,WELL,,,74,,76,,,,,,,,,
3.51094E+13,5/1/1976,550,0,0,550,,23220,0,0,17.74,0,0,18.33,HUNTON,,JULIUS,1,ASSIDUOUS ENERGY LLC,OIL,ACTIVE,WELL,,,74,,77,,,,,,,,,
3.51094E+13,6/1/1976,343,0,0,343,,23563,0,0,11.43,0,0,11.43,HUNTON,,JULIUS,1,ASSIDUOUS ENERGY LLC,OIL,ACTIVE,WELL,,,74,,78,,,,,,,,,
3.51094E+13,7/1/1976,364,0,0,364,,23927,0,0,11.74,0,0,12.13,HUNTON,,JULIUS,1,ASSIDUOUS ENERGY LLC,OIL,ACTIVE,WELL,,,74,,79,,,,,,,,,
3.51094E+13,8/1/1976,363,0,0,363,,24290,0,0,11.71,0,0,12.1,HUNTON,,JULIUS,1,ASSIDUOUS ENERGY LLC,OIL,ACTIVE,WELL,,,74,,80,,,,,,,,,
3.51094E+13,9/1/1976,362,0,0,362,,24652,0,0,12.07,0,0,12.07,HUNTON,,JULIUS,1,ASSIDUOUS ENERGY LLC,OIL,ACTIVE,WELL,,,74,,81,,,,,,,,,
3.51094E+13,10/1/1976,351,0,0,351,,25003,0,0,11.32,0,0,11.7,HUNTON,,JULIUS,1,ASSIDUOUS ENERGY LLC,OIL,ACTIVE,WELL,,,74,,82,,,,,,,,,
3.51094E+13,11/1/1976,181,0,0,181,,25184,0,0,6.03,0,0,6.03,HUNTON,,JULIUS,1,ASSIDUOUS ENERGY LLC,OIL,ACTIVE,WELL,,,74,,83,,,,,,,,,
3.51094E+13,12/1/1976,376,0,0,376,,25560,0,0,12.13,0,0,12.53,HUNTON,,JULIUS,1,ASSIDUOUS ENERGY LLC,OIL,ACTIVE,WELL,,,74,,84,,,,,,,,,
3.51094E+13,1/1/1977,173,0,0,173,,25733,0,0,5.58,0,0,5.77,HUNTON,,JULIUS,1,ASSIDUOUS ENERGY LLC,OIL,ACTIVE,WELL,,,74,,85,,,,,,,,,
3.51094E+13,2/1/1977,186,0,0,186,,25919,0,0,6.64,0,0,6.2,HUNTON,,JULIUS,1,ASSIDUOUS ENERGY LLC,OIL,ACTIVE,WELL,,,74,,86,,,,,,,,,
3.51094E+13,3/1/1977,372,0,0,372,,26291,0,0,12,0,0,12.4,HUNTON,,JULIUS,1,ASSIDUOUS ENERGY LLC,OIL,ACTIVE,WELL,,,74,,87,,,,,,,,,
3.51094E+13,4/1/1977,183,0,0,183,,26474,0,0,6.1,0,0,6.1,HUNTON,,JULIUS,1,ASSIDUOUS ENERGY LLC,OIL,ACTIVE,WELL,,,74,,88,,,,,,,,,
3.51094E+13,5/1/1977,183,0,0,183,,26657,0,0,5.9,0,0,6.1,HUNTON,,JULIUS,1,ASSIDUOUS ENERGY LLC,OIL,ACTIVE,WELL,,,74,,89,,,,,,,,,
3.51094E+13,6/1/1977,179,0,0,179,,26836,0,0,5.97,0,0,5.97,HUNTON,,JULIUS,1,ASSIDUOUS ENERGY LLC,OIL,ACTIVE,WELL,,,74,,90,,,,,,,,,
3.51094E+13,7/1/1977,186,0,0,186,,27022,0,0,6,0,0,6.2,HUNTON,,JULIUS,1,ASSIDUOUS ENERGY LLC,OIL,ACTIVE,WELL,,,74,,91,,,,,,,,,
3.51094E+13,8/1/1977,363,0,0,363,,27385,0,0,11.71,0,0,12.1,HUNTON,,JULIUS,1,ASSIDUOUS ENERGY LLC,OIL,ACTIVE,WELL,,,74,,92,,,,,,,,,
3.51094E+13,9/1/1977,364,0,0,364,,27749,0,0,12.13,0,0,12.13,HUNTON,,JULIUS,1,ASSIDUOUS ENERGY LLC,OIL,ACTIVE,WELL,,,74,,93,,,,,,,,,
3.51094E+13,10/1/1977,187,0,0,187,,27936,0,0,6.03,0,0,6.23,HUNTON,,JULIUS,1,ASSIDUOUS ENERGY LLC,OIL,ACTIVE,WELL,,,74,,94,,,,,,,,,
3.51094E+13,11/1/1977,379,0,0,379,,28315,0,0,12.63,0,0,12.63,HUNTON,,JULIUS,1,ASSIDUOUS ENERGY LLC,OIL,ACTIVE,WELL,,,74,,95,,,,,,,,,
3.51094E+13,12/1/1977,568,0,0,568,,28883,0,0,18.32,0,0,18.93,HUNTON,,JULIUS,1,ASSIDUOUS ENERGY LLC,OIL,ACTIVE,WELL,,,74,,96,,,,,,,,,
3.51094E+13,1/1/1978,191,0,0,191,,29074,0,0,6.16,0,0,6.37,HUNTON,,JULIUS,1,ASSIDUOUS ENERGY LLC,OIL,ACTIVE,WELL,,,74,,97,,,,,,,,,
3.51094E+13,2/1/1978,191,0,0,191,,29265,0,0,6.82,0,0,6.37,HUNTON,,JULIUS,1,ASSIDUOUS ENERGY LLC,OIL,ACTIVE,WELL,,,74,,98,,,,,,,,,
3.51094E+13,3/1/1978,368,0,0,368,,29633,0,0,11.87,0,0,12.27,HUNTON,,JULIUS,1,ASSIDUOUS ENERGY LLC,OIL,ACTIVE,WELL,,,74,,99,,,,,,,,,
3.51094E+13,4/1/1978,373,0,0,373,,30006,0,0,12.43,0,0,12.43,HUNTON,,JULIUS,1,ASSIDUOUS ENERGY LLC,OIL,ACTIVE,WELL,,,74,,100,,,,,,,,,
3.51094E+13,5/1/1978,369,0,0,369,,30375,0,0,11.9,0,0,12.3,HUNTON,,JULIUS,1,ASSIDUOUS ENERGY LLC,OIL,ACTIVE,WELL,,,74,,101,,,,,,,,,
3.51094E+13,6/1/1978,375,0,0,375,,30750,0,0,12.5,0,0,12.5,HUNTON,,JULIUS,1,ASSIDUOUS ENERGY LLC,OIL,ACTIVE,WELL,,,74,,102,,,,,,,,,
3.51094E+13,7/1/1978,186,0,0,186,,30936,0,0,6,0,0,6.2,HUNTON,,JULIUS,1,ASSIDUOUS ENERGY LLC,OIL,ACTIVE,WELL,,,74,,103,,,,,,,,,
3.51094E+13,8/1/1978,373,0,0,373,,31309,0,0,12.03,0,0,12.43,HUNTON,,JULIUS,1,ASSIDUOUS ENERGY LLC,OIL,ACTIVE,WELL,,,74,,104,,,,,,,,,
3.51094E+13,9/1/1978,365,0,0,365,,31674,0,0,12.17,0,0,12.17,HUNTON,,JULIUS,1,ASSIDUOUS ENERGY LLC,OIL,ACTIVE,WELL,,,74,,105,,,,,,,,,
3.51094E+13,10/1/1978,375,0,0,375,,32049,0,0,12.1,0,0,12.5,HUNTON,,JULIUS,1,ASSIDUOUS ENERGY LLC,OIL,ACTIVE,WELL,,,74,,106,,,,,,,,,
3.51094E+13,11/1/1978,376,0,0,376,,32425,0,0,12.53,0,0,12.53,HUNTON,,JULIUS,1,ASSIDUOUS ENERGY LLC,OIL,ACTIVE,WELL,,,74,,107,,,,,,,,,
3.51094E+13,12/1/1978,367,0,0,367,,32792,0,0,11.84,0,0,12.23,HUNTON,,JULIUS,1,ASSIDUOUS ENERGY LLC,OIL,ACTIVE,WELL,,,74,,108,,,,,,,,,
3.51094E+13,1/1/1979,190,2808,0,658,,32982,2808,0,6.13,90.58,0,21.93,HUNTON,,JULIUS,1,ASSIDUOUS ENERGY LLC,OIL,ACTIVE,WELL,,,74,,109,,,,,,,,,
3.51094E+13,2/1/1979,377,4018,0,1046.67,0,33359,6826,0,13.46,143.5,0,34.89,HUNTON,,JULIUS,1,ASSIDUOUS ENERGY LLC,OIL,ACTIVE,WELL,,,74,,110,,,,,,,,,
3.51094E+13,3/1/1979,375,4268,0,1086.33,,33734,11094,0,12.1,137.68,0,36.21,HUNTON,,JULIUS,1,ASSIDUOUS ENERGY LLC,OIL,ACTIVE,WELL,,,74,,111,,,,,,,,,
3.51094E+13,4/1/1979,374,3949,0,1032.17,0,34108,15043,0,12.47,131.63,0,34.41,HUNTON,,JULIUS,1,ASSIDUOUS ENERGY LLC,OIL,ACTIVE,WELL,,,74,,112,,,,,,,,,
3.51094E+13,5/1/1979,176,3610,0,777.67,,34284,18653,0,5.68,116.45,0,25.92,HUNTON,,JULIUS,1,ASSIDUOUS ENERGY LLC,OIL,ACTIVE,WELL,,,74,,113,,,,,,,,,
3.51094E+13,6/1/1979,364,3199,0,897.17,0,34648,21852,0,12.13,106.63,0,29.91,HUNTON,,JULIUS,1,ASSIDUOUS ENERGY LLC,OIL,ACTIVE,WELL,,,74,,114,,,,,,,,,
3.51094E+13,7/1/1979,180,2926,0,667.67,,34828,24778,0,5.81,94.39,0,22.26,HUNTON,,JULIUS,1,ASSIDUOUS ENERGY LLC,OIL,ACTIVE,WELL,,,74,,115,,,,,,,,,
3.51094E+13,8/1/1979,338,2516,0,757.33,0,35166,27294,0,10.9,81.16,0,25.24,HUNTON,,JULIUS,1,ASSIDUOUS ENERGY LLC,OIL,ACTIVE,WELL,,,74,,116,,,,,,,,,
3.51094E+13,9/1/1979,178,2377,0,574.17,0,35344,29671,0,5.93,79.23,0,19.14,HUNTON,,JULIUS,1,ASSIDUOUS ENERGY LLC,OIL,ACTIVE,WELL,,,74,,117,,,,,,,,,
3.51094E+13,10/1/1979,360,2757,0,819.5,,35704,32428,0,11.61,88.94,0,27.32,HUNTON,,JULIUS,1,ASSIDUOUS ENERGY LLC,OIL,ACTIVE,WELL,,,74,,118,,,,,,,,,
3.51094E+13,11/1/1979,180,2927,0,667.83,,35884,35355,0,6,97.57,0,22.26,HUNTON,,JULIUS,1,ASSIDUOUS ENERGY LLC,OIL,ACTIVE,WELL,,,74,,119,,,,,,,,,
3.51094E+13,12/1/1979,183,2728,0,637.67,0,36067,38083,0,5.9,88,0,21.26,HUNTON,,JULIUS,1,ASSIDUOUS ENERGY LLC,OIL,ACTIVE,WELL,,,74,,120,,,,,,,,,
3.51094E+13,1/1/1980,348,3171,0,876.5,,36415,41254,0,11.23,102.29,0,29.22,HUNTON,,JULIUS,1,ASSIDUOUS ENERGY LLC,OIL,ACTIVE,WELL,,,74,,121,,,,,,,,,
3.51094E+13,2/1/1980,559,4509,0,1310.5,,36974,45763,0,19.28,155.48,0,43.68,HUNTON,,JULIUS,1,ASSIDUOUS ENERGY LLC,OIL,ACTIVE,WELL,,,74,,122,,,,,,,,,
3.51094E+13,3/1/1980,373,4000,0,1039.67,,37347,49763,0,12.03,129.03,0,34.66,HUNTON,,JULIUS,1,ASSIDUOUS ENERGY LLC,OIL,ACTIVE,WELL,,,74,,123,,,,,,,,,
3.51094E+13,4/1/1980,181,3721,0,801.17,0,37528,53484,0,6.03,124.03,0,26.71,HUNTON,,JULIUS,1,ASSIDUOUS ENERGY LLC,OIL,ACTIVE,WELL,,,74,,124,,,,,,,,,
3.51094E+13,5/1/1980,182,4679,0,961.83,0,37710,58163,0,5.87,150.94,0,32.06,HUNTON,,JULIUS,1,ASSIDUOUS ENERGY LLC,OIL,ACTIVE,WELL,,,74,,125,,,,,,,,,
3.51094E+13,6/1/1980,338,2595,0,770.5,,38048,60758,0,11.27,86.5,0,25.68,HUNTON,,JULIUS,1,ASSIDUOUS ENERGY LLC,OIL,ACTIVE,WELL,,,74,,126,,,,,,,,,
3.51094E+13,7/1/1980,339,4293,0,1054.5,,38387,65051,0,10.94,138.48,0,35.15,HUNTON,,JULIUS,1,ASSIDUOUS ENERGY LLC,OIL,ACTIVE,WELL,,,74,,127,,,,,,,,,
3.51094E+13,8/1/1980,184,5595,0,1116.5,0,38571,70646,0,5.94,180.48,0,37.22,HUNTON,,JULIUS,1,ASSIDUOUS ENERGY LLC,OIL,ACTIVE,WELL,,,74,,128,,,,,,,,,
3.51094E+13,9/1/1980,354,5040,0,1194,,38925,75686,0,11.8,168,0,39.8,HUNTON,,JULIUS,1,ASSIDUOUS ENERGY LLC,OIL,ACTIVE,WELL,,,74,,129,,,,,,,,,
3.51094E+13,10/1/1980,185,5585,0,1115.83,,39110,81271,0,5.97,180.16,0,37.19,HUNTON,,JULIUS,1,ASSIDUOUS ENERGY LLC,OIL,ACTIVE,WELL,,,74,,130,,,,,,,,,
3.51094E+13,11/1/1980,370,2587,0,801.17,0,39480,83858,0,12.33,86.23,0,26.71,HUNTON,,JULIUS,1,ASSIDUOUS ENERGY LLC,OIL,ACTIVE,WELL,,,74,,131,,,,,,,,,
3.51094E+13,12/1/1980,168,4312,0,886.67,0,39648,88170,0,5.42,139.1,0,29.56,HUNTON,,JULIUS,1,ASSIDUOUS ENERGY LLC,OIL,ACTIVE,WELL,,,74,,132,,,,,,,,,
3.51094E+13,1/1/1981,313,3760,0,939.67,0,39961,91930,0,10.1,121.29,0,31.32,HUNTON,,JULIUS,1,ASSIDUOUS ENERGY LLC,OIL,ACTIVE,WELL,,,74,,133,,,,,,,,,
3.51094E+13,2/1/1981,371,4073,0,1049.83,,40332,96003,0,13.25,145.46,0,34.99,HUNTON,,JULIUS,1,ASSIDUOUS ENERGY LLC,OIL,ACTIVE,WELL,,,74,,134,,,,,,,,,
3.51094E+13,3/1/1981,374,5223,0,1244.5,,40706,101226,0,12.06,168.48,0,41.48,HUNTON,,JULIUS,1,ASSIDUOUS ENERGY LLC,OIL,ACTIVE,WELL,,,74,,135,,,,,,,,,
3.51094E+13,4/1/1981,179,5087,0,1026.83,0,40885,106313,0,5.97,169.57,0,34.23,HUNTON,,JULIUS,1,ASSIDUOUS ENERGY LLC,OIL,ACTIVE,WELL,,,74,,136,,,,,,,,,
3.51094E+13,5/1/1981,364,6271,0,1409.17,,41249,112584,0,11.74,202.29,0,46.97,HUNTON,,JULIUS,1,ASSIDUOUS ENERGY LLC,OIL,ACTIVE,WELL,,,74,,137,,,,,,,,,
3.51094E+13,6/1/1981,181,4687,0,962.17,0,41430,117271,0,6.03,156.23,0,32.07,HUNTON,,JULIUS,1,ASSIDUOUS ENERGY LLC,OIL,ACTIVE,WELL,,,74,,138,,,,,,,,,
3.51094E+13,7/1/1981,368,5097,0,1217.5,,41798,122368,0,11.87,164.42,0,40.58,HUNTON,,JULIUS,1,ASSIDUOUS ENERGY LLC,OIL,ACTIVE,WELL,,,74,,139,,,,,,,,,
3.51094E+13,8/1/1981,364,5780,0,1327.33,,42162,128148,0,11.74,186.45,0,44.24,HUNTON,,JULIUS,1,ASSIDUOUS ENERGY LLC,OIL,ACTIVE,WELL,,,74,,140,,,,,,,,,
3.51094E+13,9/1/1981,181,5073,0,1026.5,0,42343,133221,0,6.03,169.1,0,34.22,HUNTON,,JULIUS,1,ASSIDUOUS ENERGY LLC,OIL,ACTIVE,WELL,,,74,,141,,,,,,,,,
3.51094E+13,10/1/1981,184,3863,0,827.83,0,42527,137084,0,5.94,124.61,0,27.59,HUNTON,,JULIUS,1,ASSIDUOUS ENERGY LLC,OIL,ACTIVE,WELL,,,74,,142,,,,,,,,,
3.51094E+13,11/1/1981,162,2519,0,581.83,0,42689,139603,0,5.4,83.97,0,19.39,HUNTON,,JULIUS,1,ASSIDUOUS ENERGY LLC,OIL,ACTIVE,WELL,,,74,,143,,,,,,,,,
3.51094E+13,12/1/1981,374,2855,0,849.83,0,43063,142458,0,12.06,92.1,0,28.33,HUNTON,,JULIUS,1,ASSIDUOUS ENERGY LLC,OIL,ACTIVE,WELL,,,74,,144,,,,,,,,,
3.51094E+13,1/1/1982,312,2971,0,807.17,0,43375,145429,0,10.06,95.84,0,26.91,HUNTON,,JULIUS,1,ASSIDUOUS ENERGY LLC,OIL,ACTIVE,WELL,,,74,,145,,,,,,,,,
3.51094E+13,2/1/1982,188,5975,0,1183.83,0,43563,151404,0,6.71,213.39,0,39.46,HUNTON,,JULIUS,1,ASSIDUOUS ENERGY LLC,OIL,ACTIVE,WELL,,,74,,146,,,,,,,,,
3.51094E+13,3/1/1982,333,5160,0,1193,0,43896,156564,0,10.74,166.45,0,39.77,HUNTON,,JULIUS,1,ASSIDUOUS ENERGY LLC,OIL,ACTIVE,WELL,,,74,,147,,,,,,,,,
3.51094E+13,4/1/1982,179,4059,0,855.5,0,44075,160623,0,5.97,135.3,0,28.52,HUNTON,,JULIUS,1,ASSIDUOUS ENERGY LLC,OIL,ACTIVE,WELL,,,74,,148,,,,,,,,,
3.51094E+13,5/1/1982,185,5955,0,1177.5,0,44260,166578,0,5.97,192.1,0,39.25,HUNTON,,JULIUS,1,ASSIDUOUS ENERGY LLC,OIL,ACTIVE,WELL,,,74,,149,,,,,,,,,
3.51094E+13,6/1/1982,374,10832,0,2179.33,0,44634,177410,0,12.47,361.07,0,72.64,HUNTON,,JULIUS,1,ASSIDUOUS ENERGY LLC,OIL,ACTIVE,WELL,,,74,,150,,,,,,,,,
3.51094E+13,7/1/1982,186,2709,0,637.5,0,44820,180119,0,6,87.39,0,21.25,HUNTON,,JULIUS,1,ASSIDUOUS ENERGY LLC,OIL,ACTIVE,WELL,,,74,,151,,,,,,,,,
3.51094E+13,8/1/1982,337,2416,0,739.67,0,45157,182535,0,10.87,77.94,0,24.66,HUNTON,,JULIUS,1,ASSIDUOUS ENERGY LLC,OIL,ACTIVE,WELL,,,74,,152,,,,,,,,,
3.51094E+13,9/1/1982,369,1958,0,695.33,0,45526,184493,0,12.3,65.27,0,23.18,HUNTON,,JULIUS,1,ASSIDUOUS ENERGY LLC,OIL,ACTIVE,WELL,,,74,,153,,,,,,,,,
3.51094E+13,10/1/1982,0,3022,0,503.67,0,45526,187515,0,0,97.48,0,16.79,HUNTON,,JULIUS,1,ASSIDUOUS ENERGY LLC,OIL,ACTIVE,WELL,,,74,,154,,,,,,,,,
3.51094E+13,11/1/1982,185,4157,0,877.83,0,45711,191672,0,6.17,138.57,0,29.26,HUNTON,,JULIUS,1,ASSIDUOUS ENERGY LLC,OIL,ACTIVE,WELL,,,74,,155,,,,,,,,,
3.51094E+13,12/1/1982,366,4095,0,1048.5,0,46077,195767,0,11.81,132.1,0,34.95,HUNTON,,JULIUS,1,ASSIDUOUS ENERGY LLC,OIL,ACTIVE,WELL,,,74,,156,,,,,,,,,
3.51094E+13,1/1/1983,190,3171,0,718.5,0,46267,198938,0,6.13,102.29,0,23.95,HUNTON,,JULIUS,1,ASSIDUOUS ENERGY LLC,OIL,ACTIVE,WELL,,,74,,157,,,,,,,,,
3.51094E+13,2/1/1983,0,2636,0,439.33,0,46267,201574,0,0,94.14,0,14.64,HUNTON,,JULIUS,1,ASSIDUOUS ENERGY LLC,OIL,ACTIVE,WELL,,,74,,158,,,,,,,,,
3.51094E+13,3/1/1983,371,2877,0,850.5,0,46638,204451,0,11.97,92.81,0,28.35,HUNTON,,JULIUS,1,ASSIDUOUS ENERGY LLC,OIL,ACTIVE,WELL,,,74,,159,,,,,,,,,
3.51094E+13,4/1/1983,183,2987,0,680.83,0,46821,207438,0,6.1,99.57,0,22.69,HUNTON,,JULIUS,1,ASSIDUOUS ENERGY LLC,OIL,ACTIVE,WELL,,,74,,160,,,,,,,,,
3.51094E+13,5/1/1983,181,2735,0,636.83,0,47002,210173,0,5.84,88.23,0,21.23,HUNTON,,JULIUS,1,ASSIDUOUS ENERGY LLC,OIL,ACTIVE,WELL,,,74,,161,,,,,,,,,
3.51094E+13,6/1/1983,160,372,0,222,0,47162,210545,0,5.33,12.4,0,7.4,HUNTON,,JULIUS,1,ASSIDUOUS ENERGY LLC,OIL,ACTIVE,WELL,,,74,,162,,,,,,,,,
3.51094E+13,7/1/1983,348,6026,0,1352.33,0,47510,216571,0,11.23,194.39,0,45.08,HUNTON,,JULIUS,1,ASSIDUOUS ENERGY LLC,OIL,ACTIVE,WELL,,,74,,163,,,,,,,,,
3.51094E+13,8/1/1983,184,5184,0,1048,,47694,221755,0,5.94,167.23,0,34.93,HUNTON,,JULIUS,1,ASSIDUOUS ENERGY LLC,OIL,ACTIVE,WELL,,,74,,164,,,,,,,,,
3.51094E+13,9/1/1983,188,3682,0,801.67,0,47882,225437,0,6.27,122.73,0,26.72,HUNTON,,JULIUS,1,ASSIDUOUS ENERGY LLC,OIL,ACTIVE,WELL,,,74,,165,,,,,,,,,
3.51094E+13,10/1/1983,187,2155,0,546.17,0,48069,227592,0,6.03,69.52,0,18.21,HUNTON,,JULIUS,1,ASSIDUOUS ENERGY LLC,OIL,ACTIVE,WELL,,,74,,166,,,,,,,,,
3.51094E+13,11/1/1983,364,2786,0,828.33,0,48433,230378,0,12.13,92.87,0,27.61,HUNTON,,JULIUS,1,ASSIDUOUS ENERGY LLC,OIL,ACTIVE,WELL,,,74,,167,,,,,,,,,
3.51094E+13,12/1/1983,192,1571,0,453.83,0,48625,231949,0,6.19,50.68,0,15.13,HUNTON,,JULIUS,1,ASSIDUOUS ENERGY LLC,OIL,ACTIVE,WELL,,,74,,168,,,,,,,,,
3.51094E+13,1/1/1984,189,2842,0,662.67,0,48814,234791,0,6.1,91.68,0,22.09,HUNTON,,JULIUS,1,ASSIDUOUS ENERGY LLC,OIL,ACTIVE,WELL,,,74,,169,,,,,,,,,
3.51094E+13,2/1/1984,190,2616,0,626,0,49004,237407,0,6.55,90.21,0,20.87,HUNTON,,JULIUS,1,ASSIDUOUS ENERGY LLC,OIL,ACTIVE,WELL,,,74,,170,,,,,,,,,
3.51094E+13,3/1/1984,188,2823,0,658.5,0,49192,240230,0,6.06,91.06,0,21.95,HUNTON,,JULIUS,1,ASSIDUOUS ENERGY LLC,OIL,ACTIVE,WELL,,,74,,171,,,,,,,,,
3.51094E+13,4/1/1984,188,2406,0,589,0,49380,242636,0,6.27,80.2,0,19.63,HUNTON,,JULIUS,1,ASSIDUOUS ENERGY LLC,OIL,ACTIVE,WELL,,,74,,172,,,,,,,,,
3.51094E+13,5/1/1984,153,1857,0,462.5,0,49533,244493,0,4.94,59.9,0,15.42,HUNTON,,JULIUS,1,ASSIDUOUS ENERGY LLC,OIL,ACTIVE,WELL,,,74,,173,,,,,,,,,
3.51094E+13,6/1/1984,183,2000,0,516.33,0,49716,246493,0,6.1,66.67,0,17.21,HUNTON,,JULIUS,1,ASSIDUOUS ENERGY LLC,OIL,ACTIVE,WELL,,,74,,174,,,,,,,,,
3.51094E+13,7/1/1984,178,2254,0,553.67,0,49894,248747,0,5.74,72.71,0,18.46,HUNTON,,JULIUS,1,ASSIDUOUS ENERGY LLC,OIL,ACTIVE,WELL,,,74,,175,,,,,,,,,
3.51094E+13,8/1/1984,0,2174,0,362.33,0,49894,250921,0,0,70.13,0,12.08,HUNTON,,JULIUS,1,ASSIDUOUS ENERGY LLC,OIL,ACTIVE,WELL,,,74,,176,,,,,,,,,
3.51094E+13,9/1/1984,0,2748,0,458,0,49894,253669,0,0,91.6,0,15.27,HUNTON,,JULIUS,1,ASSIDUOUS ENERGY LLC,OIL,ACTIVE,WELL,,,74,,177,,,,,,,,,
3.51094E+13,10/1/1984,183,2952,0,675,0,50077,256621,0,5.9,95.23,0,22.5,HUNTON,,JULIUS,1,ASSIDUOUS ENERGY LLC,OIL,ACTIVE,WELL,,,74,,178,,,,,,,,,
3.51094E+13,11/1/1984,188,4610,0,956.33,0,50265,261231,0,6.27,153.67,0,31.88,HUNTON,,JULIUS,1,ASSIDUOUS ENERGY LLC,OIL,ACTIVE,WELL,,,74,,179,,,,,,,,,
3.51094E+13,12/1/1984,184,4906,0,1001.67,0,50449,266137,0,5.94,158.26,0,33.39,HUNTON,,JULIUS,1,ASSIDUOUS ENERGY LLC,OIL,ACTIVE,WELL,,,74,,180,,,,,,,,,
3.51094E+13,1/1/1985,190,4162,0,883.67,0,50639,270299,0,6.13,134.26,0,29.46,HUNTON,,JULIUS,1,ASSIDUOUS ENERGY LLC,OIL,ACTIVE,WELL,,,74,,181,,,,,,,,,
3.51094E+13,2/1/1985,185,3704,0,802.33,0,50824,274003,0,6.61,132.29,0,26.74,HUNTON,,JULIUS,1,ASSIDUOUS ENERGY LLC,OIL,ACTIVE,WELL,,,74,,182,,,,,,,,,
3.51094E+13,3/1/1985,186,5556,0,1112,0,51010,279559,0,6,179.23,0,37.07,HUNTON,,JULIUS,1,ASSIDUOUS ENERGY LLC,OIL,ACTIVE,WELL,,,74,,183,,,,,,,,,
3.51094E+13,4/1/1985,0,5206,0,867.67,0,51010,284765,0,0,173.53,0,28.92,HUNTON,,JULIUS,1,ASSIDUOUS ENERGY LLC,OIL,ACTIVE,WELL,,,74,,184,,,,,,,,,
3.51094E+13,5/1/1985,187,5603,0,1120.83,0,51197,290368,0,6.03,180.74,0,37.36,HUNTON,,JULIUS,1,ASSIDUOUS ENERGY LLC,OIL,ACTIVE,WELL,,,74,,185,,,,,,,,,
3.51094E+13,6/1/1985,188,4183,0,885.17,0,51385,294551,0,6.27,139.43,0,29.51,HUNTON,,JULIUS,1,ASSIDUOUS ENERGY LLC,OIL,ACTIVE,WELL,,,74,,186,,,,,,,,,
3.51094E+13,7/1/1985,0,2886,0,481,0,51385,297437,0,0,93.1,0,16.03,HUNTON,,JULIUS,1,ASSIDUOUS ENERGY LLC,OIL,ACTIVE,WELL,,,74,,187,,,,,,,,,
3.51094E+13,8/1/1985,193,2660,0,636.33,0,51578,300097,0,6.23,85.81,0,21.21,HUNTON,,JULIUS,1,ASSIDUOUS ENERGY LLC,OIL,ACTIVE,WELL,,,74,,188,,,,,,,,,
3.51094E+13,9/1/1985,124,2550,0,549,0,51702,302647,0,4.13,85,0,18.3,HUNTON,,JULIUS,1,ASSIDUOUS ENERGY LLC,OIL,ACTIVE,WELL,,,74,,189,,,,,,,,,
3.51094E+13,10/1/1985,189,2316,0,575,0,51891,304963,0,6.1,74.71,0,19.17,HUNTON,,JULIUS,1,ASSIDUOUS ENERGY LLC,OIL,ACTIVE,WELL,,,74,,190,,,,,,,,,
3.51094E+13,11/1/1985,158,2232,0,530,0,52049,307195,0,5.27,74.4,0,17.67,HUNTON,,JULIUS,1,ASSIDUOUS ENERGY LLC,OIL,ACTIVE,WELL,,,74,,191,,,,,,,,,
3.51094E+13,12/1/1985,186,1500,0,436,0,52235,308695,0,6,48.39,0,14.53,HUNTON,,JULIUS,1,ASSIDUOUS ENERGY LLC,OIL,ACTIVE,WELL,,,74,,192,,,,,,,,,
3.51094E+13,1/1/1986,187,1867,0,498.17,0,52422,310562,0,6.03,60.23,0,16.61,HUNTON,,JULIUS,1,ASSIDUOUS ENERGY LLC,OIL,ACTIVE,WELL,,,74,,193,,,,,,,,,
3.51094E+13,2/1/1986,182,1789,0,480.17,0,52604,312351,0,6.5,63.89,0,16.01,HUNTON,,JULIUS,1,ASSIDUOUS ENERGY LLC,OIL,ACTIVE,WELL,,,74,,194,,,,,,,,,
3.51094E+13,3/1/1986,200,2216,0,569.33,0,52804,314567,0,6.45,71.48,0,18.98,HUNTON,,JULIUS,1,ASSIDUOUS ENERGY LLC,OIL,ACTIVE,WELL,,,74,,195,,,,,,,,,
3.51094E+13,4/1/1986,185,1805,0,485.83,0,52989,316372,0,6.17,60.17,0,16.19,HUNTON,,JULIUS,1,ASSIDUOUS ENERGY LLC,OIL,ACTIVE,WELL,,,74,,196,,,,,,,,,
3.51094E+13,5/1/1986,219,1498,0,468.67,0,53208,317870,0,7.06,48.32,0,15.62,HUNTON,,JULIUS,1,ASSIDUOUS ENERGY LLC,OIL,ACTIVE,WELL,,,74,,197,,,,,,,,,
3.51094E+13,6/1/1986,191,1989,0,522.5,0,53399,319859,0,6.37,66.3,0,17.42,HUNTON,,JULIUS,1,ASSIDUOUS ENERGY LLC,OIL,ACTIVE,WELL,,,74,,198,,,,,,,,,
3.51094E+13,7/1/1986,379,2181,0,742.5,0,53778,322040,0,12.23,70.35,0,24.75,HUNTON,,JULIUS,1,ASSIDUOUS ENERGY LLC,OIL,ACTIVE,WELL,,,74,,199,,,,,,,,,
3.51094E+13,8/1/1986,0,1819,0,303.17,0,53778,323859,0,0,58.68,0,10.11,HUNTON,,JULIUS,1,ASSIDUOUS ENERGY LLC,OIL,ACTIVE,WELL,,,74,,200,,,,,,,,,
3.51094E+13,9/1/1986,193,1251,0,401.5,0,53971,325110,0,6.43,41.7,0,13.38,HUNTON,,JULIUS,1,ASSIDUOUS ENERGY LLC,OIL,ACTIVE,WELL,,,74,,201,,,,,,,,,
3.51094E+13,10/1/1986,178,7518,0,1431,0,54149,332628,0,5.74,242.52,0,47.7,HUNTON,,JULIUS,1,ASSIDUOUS ENERGY LLC,OIL,ACTIVE,WELL,,,74,,202,,,,,,,,,
3.51094E+13,11/1/1986,115,1356,0,341,0,54264,333984,0,3.83,45.2,0,11.37,HUNTON,,JULIUS,1,ASSIDUOUS ENERGY LLC,OIL,ACTIVE,WELL,,,74,,203,,,,,,,,,
3.51094E+13,12/1/1986,363,2558,0,789.33,0,54627,336542,0,11.71,82.52,0,26.31,HUNTON,,JULIUS,1,ASSIDUOUS ENERGY LLC,OIL,ACTIVE,WELL,,,74,,204,,,,,,,,,
3.51094E+13,1/1/1987,0,2403,0,400.5,0,54627,338945,0,0,77.52,0,13.35,HUNTON,,JULIUS,1,ASSIDUOUS ENERGY LLC,OIL,ACTIVE,WELL,,,74,,205,,,,,,,,,
3.51094E+13,2/1/1987,371,2141,0,727.83,0,54998,341086,0,13.25,76.46,0,24.26,HUNTON,,JULIUS,1,ASSIDUOUS ENERGY LLC,OIL,ACTIVE,WELL,,,74,,206,,,,,,,,,
3.51094E+13,3/1/1987,184,1965,0,511.5,0,55182,343051,0,5.94,63.39,0,17.05,HUNTON,,JULIUS,1,ASSIDUOUS ENERGY LLC,OIL,ACTIVE,WELL,,,74,,207,,,,,,,,,
3.51094E+13,4/1/1987,183,1587,0,447.5,0,55365,344638,0,6.1,52.9,0,14.92,HUNTON,,JULIUS,1,ASSIDUOUS ENERGY LLC,OIL,ACTIVE,WELL,,,74,,208,,,,,,,,,
3.51094E+13,5/1/1987,0,1933,0,322.17,0,55365,346571,0,0,62.35,0,10.74,HUNTON,,JULIUS,1,ASSIDUOUS ENERGY LLC,OIL,ACTIVE,WELL,,,74,,209,,,,,,,,,
3.51094E+13,6/1/1987,361,12299,0,2410.83,0,55726,358870,0,12.03,409.97,0,80.36,HUNTON,,JULIUS,1,ASSIDUOUS ENERGY LLC,OIL,ACTIVE,WELL,,,74,,210,,,,,,,,,
3.51094E+13,7/1/1987,178,11829,0,2149.5,0,55904,370699,0,5.74,381.58,0,71.65,HUNTON,,JULIUS,1,ASSIDUOUS ENERGY LLC,OIL,ACTIVE,WELL,,,74,,211,,,,,,,,,
3.51094E+13,8/1/1987,179,7464,0,1423,0,56083,378163,0,5.77,240.77,0,47.43,HUNTON,,JULIUS,1,ASSIDUOUS ENERGY LLC,OIL,ACTIVE,WELL,,,74,,212,,,,,,,,,
3.51094E+13,9/1/1987,182,7154,0,1374.33,0,56265,385317,0,6.07,238.47,0,45.81,HUNTON,,JULIUS,1,ASSIDUOUS ENERGY LLC,OIL,ACTIVE,WELL,,,74,,213,,,,,,,,,
3.51094E+13,10/1/1987,182,7666,0,1459.67,0,56447,392983,0,5.87,247.29,0,48.66,HUNTON,,JULIUS,1,ASSIDUOUS ENERGY LLC,OIL,ACTIVE,WELL,,,74,,214,,,,,,,,,
3.51094E+13,11/1/1987,183,9490,0,1764.67,0,56630,402473,0,6.1,316.33,0,58.82,HUNTON,,JULIUS,1,ASSIDUOUS ENERGY LLC,OIL,ACTIVE,WELL,,,74,,215,,,,,,,,,
3.51094E+13,12/1/1987,118,7934,0,1440.33,0,56748,410407,0,3.81,255.94,0,48.01,HUNTON,,JULIUS,1,ASSIDUOUS ENERGY LLC,OIL,ACTIVE,WELL,,,74,,216,,,,,,,,,
3.51094E+13,1/1/1988,189,2261,0,565.83,0,56937,412668,0,6.1,72.94,0,18.86,HUNTON,,JULIUS,1,ASSIDUOUS ENERGY LLC,OIL,ACTIVE,WELL,,,74,,217,,,,,,,,,
3.51094E+13,2/1/1988,184,0,0,184,0,57121,412668,0,6.34,0,0,6.13,HUNTON,,JULIUS,1,ASSIDUOUS ENERGY LLC,OIL,ACTIVE,WELL,,,74,,218,,,,,,,,,
3.51094E+13,3/1/1988,187,8580,0,1617,0,57308,421248,0,6.03,276.77,0,53.9,HUNTON,,JULIUS,1,ASSIDUOUS ENERGY LLC,OIL,ACTIVE,WELL,,,74,,219,,,,,,,,,
3.51094E+13,4/1/1988,185,0,0,185,0,57493,421248,0,6.17,0,0,6.17,HUNTON,,JULIUS,1,ASSIDUOUS ENERGY LLC,OIL,ACTIVE,WELL,,,74,,220,,,,,,,,,
3.51094E+13,5/1/1988,0,3682,0,613.67,0,57493,424930,0,0,118.77,0,20.46,HUNTON,,JULIUS,1,ASSIDUOUS ENERGY LLC,OIL,ACTIVE,WELL,,,74,,221,,,,,,,,,
3.51094E+13,6/1/1988,181,1986,0,512,0,57674,426916,0,6.03,66.2,0,17.07,HUNTON,,JULIUS,1,ASSIDUOUS ENERGY LLC,OIL,ACTIVE,WELL,,,74,,222,,,,,,,,,
3.51094E+13,7/1/1988,171,2342,0,561.33,0,57845,429258,0,5.52,75.55,0,18.71,HUNTON,,JULIUS,1,ASSIDUOUS ENERGY LLC,OIL,ACTIVE,WELL,,,74,,223,,,,,,,,,
3.51094E+13,8/1/1988,176,2499,0,592.5,0,58021,431757,0,5.68,80.61,0,19.75,HUNTON,,JULIUS,1,ASSIDUOUS ENERGY LLC,OIL,ACTIVE,WELL,,,74,,224,,,,,,,,,
3.51094E+13,9/1/1988,177,5691,0,1125.5,0,58198,437448,0,5.9,189.7,0,37.52,HUNTON,,JULIUS,1,ASSIDUOUS ENERGY LLC,OIL,ACTIVE,WELL,,,74,,225,,,,,,,,,
3.51094E+13,10/1/1988,176,4064,0,853.33,0,58374,441512,0,5.68,131.1,0,28.44,HUNTON,,JULIUS,1,ASSIDUOUS ENERGY LLC,OIL,ACTIVE,WELL,,,74,,226,,,,,,,,,
3.51094E+13,11/1/1988,178,4684,0,958.67,0,58552,446196,0,5.93,156.13,0,31.96,HUNTON,,JULIUS,1,ASSIDUOUS ENERGY LLC,OIL,ACTIVE,WELL,,,74,,227,,,,,,,,,
3.51094E+13,12/1/1988,177,5099,0,1026.83,0,58729,451295,0,5.71,164.48,0,34.23,HUNTON,,JULIUS,1,ASSIDUOUS ENERGY LLC,OIL,ACTIVE,WELL,,,74,,228,,,,,,,,,
3.51094E+13,1/1/1989,179,9403,0,1746.17,0,58908,460698,0,5.77,303.32,0,58.21,HUNTON,,JULIUS,1,ASSIDUOUS ENERGY LLC,OIL,ACTIVE,WELL,,,74,,229,,,,,,,,,
3.51094E+13,2/1/1989,181,5615,0,1116.83,0,59089,466313,0,6.46,200.54,0,37.23,HUNTON,,JULIUS,1,ASSIDUOUS ENERGY LLC,OIL,ACTIVE,WELL,,,74,,230,,,,,,,,,
3.51094E+13,3/1/1989,173,7948,0,1497.67,0,59262,474261,0,5.58,256.39,0,49.92,HUNTON,,JULIUS,1,ASSIDUOUS ENERGY LLC,OIL,ACTIVE,WELL,,,74,,231,,,,,,,,,
3.51094E+13,4/1/1989,175,4746,0,966,0,59437,479007,0,5.83,158.2,0,32.2,HUNTON,,JULIUS,1,ASSIDUOUS ENERGY LLC,OIL,ACTIVE,WELL,,,74,,232,,,,,,,,,
3.51094E+13,5/1/1989,94,4490,0,842.33,0,59531,483497,0,3.03,144.84,0,28.08,HUNTON,,JULIUS,1,ASSIDUOUS ENERGY LLC,OIL,ACTIVE,WELL,,,74,,233,,,,,,,,,
3.51094E+13,6/1/1989,185,3070,0,696.67,0,59716,486567,0,6.17,102.33,0,23.22,HUNTON,,JULIUS,1,ASSIDUOUS ENERGY LLC,OIL,ACTIVE,WELL,,,74,,234,,,,,,,,,
3.51094E+13,7/1/1989,181,2435,0,586.83,0,59897,489002,0,5.84,78.55,0,19.56,HUNTON,,JULIUS,1,ASSIDUOUS ENERGY LLC,OIL,ACTIVE,WELL,,,74,,235,,,,,,,,,
3.51094E+13,8/1/1989,177,2712,0,629,0,60074,491714,0,5.71,87.48,0,20.97,HUNTON,,JULIUS,1,ASSIDUOUS ENERGY LLC,OIL,ACTIVE,WELL,,,74,,236,,,,,,,,,
3.51094E+13,9/1/1989,180,2994,0,679,0,60254,494708,0,6,99.8,0,22.63,HUNTON,,JULIUS,1,ASSIDUOUS ENERGY LLC,OIL,ACTIVE,WELL,,,74,,237,,,,,,,,,
3.51094E+13,10/1/1989,168,3111,0,686.5,0,60422,497819,0,5.42,100.35,0,22.88,HUNTON,,JULIUS,1,ASSIDUOUS ENERGY LLC,OIL,ACTIVE,WELL,,,74,,238,,,,,,,,,
3.51094E+13,11/1/1989,179,2692,0,627.67,0,60601,500511,0,5.97,89.73,0,20.92,HUNTON,,JULIUS,1,ASSIDUOUS ENERGY LLC,OIL,ACTIVE,WELL,,,74,,239,,,,,,,,,
3.51094E+13,12/1/1989,108,2520,0,528,0,60709,503031,0,3.48,81.29,0,17.6,HUNTON,,JULIUS,1,ASSIDUOUS ENERGY LLC,OIL,ACTIVE,WELL,,,74,,240,,,,,,,,,
3.51094E+13,1/1/1990,185,3263,0,728.83,0,60894,506294,0,5.97,105.26,0,24.29,HUNTON,,JULIUS,1,ASSIDUOUS ENERGY LLC,OIL,ACTIVE,WELL,,,74,,241,,,,,,,,,
3.51094E+13,2/1/1990,184,4606,0,951.67,0,61078,510900,0,6.57,164.5,0,31.72,HUNTON,,JULIUS,1,ASSIDUOUS ENERGY LLC,OIL,ACTIVE,WELL,,,74,,242,,,,,,,,,
3.51094E+13,3/1/1990,184,4937,0,1006.83,0,61262,515837,0,5.94,159.26,0,33.56,HUNTON,,JULIUS,1,ASSIDUOUS ENERGY LLC,OIL,ACTIVE,WELL,,,74,,243,,,,,,,,,
3.51094E+13,4/1/1990,184,3873,0,829.5,0,61446,519710,0,6.13,129.1,0,27.65,HUNTON,,JULIUS,1,ASSIDUOUS ENERGY LLC,OIL,ACTIVE,WELL,,,74,,244,,,,,,,,,
3.51094E+13,5/1/1990,183,5108,0,1034.33,0,61629,524818,0,5.9,164.77,0,34.48,HUNTON,,JULIUS,1,ASSIDUOUS ENERGY LLC,OIL,ACTIVE,WELL,,,74,,245,,,,,,,,,
3.51094E+13,6/1/1990,183,3836,0,822.33,0,61812,528654,0,6.1,127.87,0,27.41,HUNTON,,JULIUS,1,ASSIDUOUS ENERGY LLC,OIL,ACTIVE,WELL,,,74,,246,,,,,,,,,
3.51094E+13,7/1/1990,0,4985,0,830.83,0,61812,533639,0,0,160.81,0,27.69,HUNTON,,JULIUS,1,ASSIDUOUS ENERGY LLC,OIL,ACTIVE,WELL,,,74,,247,,,,,,,,,
3.51094E+13,8/1/1990,183,4318,0,902.67,,61995,537957,0,5.9,139.29,0,30.09,HUNTON,,JULIUS,1,ASSIDUOUS ENERGY LLC,OIL,ACTIVE,WELL,,,74,,248,,,,,,,,,
3.51094E+13,9/1/1990,182,5839,0,1155.17,0,62177,543796,0,6.07,194.63,0,38.51,HUNTON,,JULIUS,1,ASSIDUOUS ENERGY LLC,OIL,ACTIVE,WELL,,,74,,249,,,,,,,,,
3.51094E+13,10/1/1990,188,5916,0,1174,0,62365,549712,0,6.06,190.84,0,39.13,HUNTON,,JULIUS,1,ASSIDUOUS ENERGY LLC,OIL,ACTIVE,WELL,,,74,,250,,,,,,,,,
3.51094E+13,11/1/1990,0,5887,0,981.17,0,62365,555599,0,0,196.23,0,32.71,HUNTON,,JULIUS,1,ASSIDUOUS ENERGY LLC,OIL,ACTIVE,WELL,,,74,,251,,,,,,,,,
3.51094E+13,12/1/1990,187,4313,0,905.83,0,62552,559912,0,6.03,139.13,0,30.19,HUNTON,,JULIUS,1,ASSIDUOUS ENERGY LLC,OIL,ACTIVE,WELL,,,74,,252,,,,,,,,,
3.51094E+13,1/1/1991,298,3793,0,930.17,,62850,563705,0,9.61,122.35,0,31.01,HUNTON,,JULIUS,1,ASSIDUOUS ENERGY LLC,OIL,ACTIVE,WELL,,,74,,253,,,,,,,,,
3.51094E+13,2/1/1991,0,4208,0,701.33,0,62850,567913,0,0,150.29,0,23.38,HUNTON,,JULIUS,1,ASSIDUOUS ENERGY LLC,OIL,ACTIVE,WELL,,,74,,254,,,,,,,,,
3.51094E+13,3/1/1991,182,4194,0,881,0,63032,572107,0,5.87,135.29,0,29.37,HUNTON,,JULIUS,1,ASSIDUOUS ENERGY LLC,OIL,ACTIVE,WELL,,,74,,255,,,,,,,,,
3.51094E+13,4/1/1991,184,4242,0,891,,63216,576349,0,6.13,141.4,0,29.7,HUNTON,,JULIUS,1,ASSIDUOUS ENERGY LLC,OIL,ACTIVE,WELL,,,74,,256,,,,,,,,,
3.51094E+13,5/1/1991,181,4041,0,854.5,0,63397,580390,0,5.84,130.35,0,28.48,HUNTON,,JULIUS,1,ASSIDUOUS ENERGY LLC,OIL,ACTIVE,WELL,,,74,,257,,,,,,,,,
3.51094E+13,6/1/1991,180,3795,0,812.5,,63577,584185,0,6,126.5,0,27.08,HUNTON,,JULIUS,1,ASSIDUOUS ENERGY LLC,OIL,ACTIVE,WELL,,,74,,258,,,,,,,,,
3.51094E+13,7/1/1991,181,2584,0,611.67,,63758,586769,0,5.84,83.35,0,20.39,HUNTON,,JULIUS,1,ASSIDUOUS ENERGY LLC,OIL,ACTIVE,WELL,,,74,,259,,,,,,,,,
3.51094E+13,8/1/1991,180,2042,0,520.33,,63938,588811,0,5.81,65.87,0,17.34,HUNTON,,JULIUS,1,ASSIDUOUS ENERGY LLC,OIL,ACTIVE,WELL,,,74,,260,,,,,,,,,
3.51094E+13,9/1/1991,182,2428,0,586.67,,64120,591239,0,6.07,80.93,0,19.56,HUNTON,,JULIUS,1,ASSIDUOUS ENERGY LLC,OIL,ACTIVE,WELL,,,74,,261,,,,,,,,,
3.51094E+13,10/1/1991,180,5079,0,1026.5,,64300,596318,0,5.81,163.84,0,34.22,HUNTON,,JULIUS,1,ASSIDUOUS ENERGY LLC,OIL,ACTIVE,WELL,,,74,,262,,,,,,,,,
3.51094E+13,11/1/1991,175,2398,0,574.67,,64475,598716,0,5.83,79.93,0,19.16,HUNTON,,JULIUS,1,ASSIDUOUS ENERGY LLC,OIL,ACTIVE,WELL,,,74,,263,,,,,,,,,
3.51094E+13,12/1/1991,182,2497,0,598.17,,64657,601213,0,5.87,80.55,0,19.94,HUNTON,,JULIUS,1,ASSIDUOUS ENERGY LLC,OIL,ACTIVE,WELL,,,74,,264,,,,,,,,,
3.51094E+13,1/1/1992,182,2501,0,598.83,,64839,603714,0,5.87,80.68,0,19.96,HUNTON,,JULIUS,1,ASSIDUOUS ENERGY LLC,OIL,ACTIVE,WELL,,,74,,265,,,,,,,,,
3.51094E+13,2/1/1992,0,4613,0,768.83,0,64839,608327,0,0,159.07,0,25.63,HUNTON,,JULIUS,1,ASSIDUOUS ENERGY LLC,OIL,ACTIVE,WELL,,,74,,266,,,,,,,,,
3.51094E+13,3/1/1992,180,5817,0,1149.5,0,65019,614144,0,5.81,187.65,0,38.32,HUNTON,,JULIUS,1,ASSIDUOUS ENERGY LLC,OIL,ACTIVE,WELL,,,74,,267,,,,,,,,,
3.51094E+13,4/1/1992,184,4739,0,973.83,0,65203,618883,0,6.13,157.97,0,32.46,HUNTON,,JULIUS,1,ASSIDUOUS ENERGY LLC,OIL,ACTIVE,WELL,,,74,,268,,,,,,,,,
3.51094E+13,5/1/1992,180,3348,0,738,,65383,622231,0,5.81,108,0,24.6,HUNTON,,JULIUS,1,ASSIDUOUS ENERGY LLC,OIL,ACTIVE,WELL,,,74,,269,,,,,,,,,
3.51094E+13,6/1/1992,183,3019,0,686.17,,65566,625250,0,6.1,100.63,0,22.87,HUNTON,,JULIUS,1,ASSIDUOUS ENERGY LLC,OIL,ACTIVE,WELL,,,74,,270,,,,,,,,,
3.51094E+13,7/1/1992,182,2608,0,616.67,,65748,627858,0,5.87,84.13,0,20.56,HUNTON,,JULIUS,1,ASSIDUOUS ENERGY LLC,OIL,ACTIVE,WELL,,,74,,271,,,,,,,,,
3.51094E+13,8/1/1992,188,3179,0,717.83,,65936,631037,0,6.06,102.55,0,23.93,HUNTON,,JULIUS,1,ASSIDUOUS ENERGY LLC,OIL,ACTIVE,WELL,,,74,,272,,,,,,,,,
3.51094E+13,9/1/1992,182,3386,0,746.33,,66118,634423,0,6.07,112.87,0,24.88,HUNTON,,JULIUS,1,ASSIDUOUS ENERGY LLC,OIL,ACTIVE,WELL,,,74,,273,,,,,,,,,
3.51094E+13,10/1/1992,184,3668,0,795.33,,66302,638091,0,5.94,118.32,0,26.51,HUNTON,,JULIUS,1,ASSIDUOUS ENERGY LLC,OIL,ACTIVE,WELL,,,74,,274,,,,,,,,,
3.51094E+13,11/1/1992,182,3531,0,770.5,,66484,641622,0,6.07,117.7,0,25.68,HUNTON,,JULIUS,1,ASSIDUOUS ENERGY LLC,OIL,ACTIVE,WELL,,,74,,275,,,,,,,,,
3.51094E+13,12/1/1992,0,2306,0,384.33,,66484,643928,0,0,74.39,0,12.81,HUNTON,,JULIUS,1,ASSIDUOUS ENERGY LLC,OIL,ACTIVE,WELL,,,74,,276,,,,,,,,,
3.51094E+13,1/1/1993,180,3896,0,829.33,,66664,647824,0,5.81,125.68,0,27.64,HUNTON,,JULIUS,1,ASSIDUOUS ENERGY LLC,OIL,ACTIVE,WELL,,,74,,277,,,,,,,,,
3.51094E+13,2/1/1993,183,3144,0,707,,66847,650968,0,6.54,112.29,0,23.57,HUNTON,,JULIUS,1,ASSIDUOUS ENERGY LLC,OIL,ACTIVE,WELL,,,74,,278,,,,,,,,,
3.51094E+13,3/1/1993,183,3821,0,819.83,,67030,654789,0,5.9,123.26,0,27.33,HUNTON,,JULIUS,1,ASSIDUOUS ENERGY LLC,OIL,ACTIVE,WELL,,,74,,279,,,,,,,,,
3.51094E+13,4/1/1993,186,3300,0,736,,67216,658089,0,6.2,110,0,24.53,HUNTON,,JULIUS,1,ASSIDUOUS ENERGY LLC,OIL,ACTIVE,WELL,,,74,,280,,,,,,,,,
3.51094E+13,5/1/1993,180,3775,0,809.17,,67396,661864,0,5.81,121.77,0,26.97,HUNTON,,JULIUS,1,ASSIDUOUS ENERGY LLC,OIL,ACTIVE,WELL,,,74,,281,,,,,,,,,
3.51094E+13,6/1/1993,184,3497,0,766.83,,67580,665361,0,6.13,116.57,0,25.56,HUNTON,,JULIUS,1,ASSIDUOUS ENERGY LLC,OIL,ACTIVE,WELL,,,74,,282,,,,,,,,,
3.51094E+13,7/1/1993,184,3339,0,740.5,,67764,668700,0,5.94,107.71,0,24.68,HUNTON,,JULIUS,1,ASSIDUOUS ENERGY LLC,OIL,ACTIVE,WELL,,,74,,283,,,,,,,,,
3.51094E+13,8/1/1993,126,3563,0,719.83,,67890,672263,0,4.06,114.94,0,23.99,HUNTON,,JULIUS,1,ASSIDUOUS ENERGY LLC,OIL,ACTIVE,WELL,,,74,,284,,,,,,,,,
3.51094E+13,9/1/1993,181,3247,0,722.17,,68071,675510,0,6.03,108.23,0,24.07,HUNTON,,JULIUS,1,ASSIDUOUS ENERGY LLC,OIL,ACTIVE,WELL,,,74,,285,,,,,,,,,
3.51094E+13,10/1/1993,182,3785,0,812.83,,68253,679295,0,5.87,122.1,0,27.09,HUNTON,,JULIUS,1,ASSIDUOUS ENERGY LLC,OIL,ACTIVE,WELL,,,74,,286,,,,,,,,,
3.51094E+13,11/1/1993,181,3567,0,775.5,,68434,682862,0,6.03,118.9,0,25.85,HUNTON,,JULIUS,1,ASSIDUOUS ENERGY LLC,OIL,ACTIVE,WELL,,,74,,287,,,,,,,,,
3.51094E+13,12/1/1993,183,7379,0,1412.83,0,68617,690241,0,5.9,238.03,0,47.09,HUNTON,,JULIUS,1,ASSIDUOUS ENERGY LLC,OIL,ACTIVE,WELL,,,74,,288,,,,,,,,,
3.51094E+13,1/1/1994,182,3182,0,712.33,,68799,693423,0,5.87,102.65,0,23.74,HUNTON,,JULIUS,1,ASSIDUOUS ENERGY LLC,OIL,ACTIVE,WELL,,,74,,289,,,,,,,,,
3.51094E+13,2/1/1994,185,3481,0,765.17,,68984,696904,0,6.61,124.32,0,25.51,HUNTON,,JULIUS,1,ASSIDUOUS ENERGY LLC,OIL,ACTIVE,WELL,,,74,,290,,,,,,,,,
3.51094E+13,3/1/1994,184,3922,0,837.67,,69168,700826,0,5.94,126.52,0,27.92,HUNTON,,JULIUS,1,ASSIDUOUS ENERGY LLC,OIL,ACTIVE,WELL,,,74,,291,,,,,,,,,
3.51094E+13,4/1/1994,186,3464,0,763.33,,69354,704290,0,6.2,115.47,0,25.44,HUNTON,,JULIUS,1,ASSIDUOUS ENERGY LLC,OIL,ACTIVE,WELL,,,74,,292,,,,,,,,,
3.51094E+13,5/1/1994,0,3631,0,605.17,,69354,707921,0,0,117.13,0,20.17,HUNTON,,JULIUS,1,ASSIDUOUS ENERGY LLC,OIL,ACTIVE,WELL,,,74,,293,,,,,,,,,
3.51094E+13,6/1/1994,315,3488,0,896.33,,69669,711409,0,10.5,116.27,0,29.88,HUNTON,,JULIUS,1,ASSIDUOUS ENERGY LLC,OIL,ACTIVE,WELL,,,74,,294,,,,,,,,,
3.51094E+13,7/1/1994,0,3607,0,601.17,,69669,715016,0,0,116.35,0,20.04,HUNTON,,JULIUS,1,ASSIDUOUS ENERGY LLC,OIL,ACTIVE,WELL,,,74,,295,,,,,,,,,
3.51094E+13,8/1/1994,183,3623,0,786.83,,69852,718639,0,5.9,116.87,0,26.23,HUNTON,,JULIUS,1,ASSIDUOUS ENERGY LLC,OIL,ACTIVE,WELL,,,74,,296,,,,,,,,,
3.51094E+13,9/1/1994,183,3694,0,798.67,,70035,722333,0,6.1,123.13,0,26.62,HUNTON,,JULIUS,1,ASSIDUOUS ENERGY LLC,OIL,ACTIVE,WELL,,,74,,297,,,,,,,,,
3.51094E+13,10/1/1994,174,3771,0,802.5,,70209,726104,0,5.61,121.65,0,26.75,HUNTON,,JULIUS,1,ASSIDUOUS ENERGY LLC,OIL,ACTIVE,WELL,,,74,,298,,,,,,,,,
3.51094E+13,11/1/1994,179,3293,0,727.83,,70388,729397,0,5.97,109.77,0,24.26,HUNTON,,JULIUS,1,ASSIDUOUS ENERGY LLC,OIL,ACTIVE,WELL,,,74,,299,,,,,,,,,
3.51094E+13,12/1/1994,0,7463,0,1243.83,0,70388,736860,0,0,240.74,0,41.46,HUNTON,,JULIUS,1,ASSIDUOUS ENERGY LLC,OIL,ACTIVE,WELL,,,74,,300,,,,,,,,,
3.51094E+13,1/1/1995,362,0,0,362,,70750,736860,0,11.68,0,0,12.07,HUNTON,,JULIUS,1,ASSIDUOUS ENERGY LLC,OIL,ACTIVE,WELL,,,74,,301,,,,,,,,,
3.51094E+13,2/1/1995,0,7473,0,1245.5,0,70750,744333,0,0,266.89,0,41.52,HUNTON,,JULIUS,1,ASSIDUOUS ENERGY LLC,OIL,ACTIVE,WELL,,,74,,302,,,,,,,,,
3.51094E+13,3/1/1995,184,8591,0,1615.83,,70934,752924,0,5.94,277.13,0,53.86,HUNTON,,JULIUS,1,ASSIDUOUS ENERGY LLC,OIL,ACTIVE,WELL,,,74,,303,,,,,,,,,
3.51094E+13,4/1/1995,172,0,0,172,,71106,752924,0,5.73,0,0,5.73,HUNTON,,JULIUS,1,ASSIDUOUS ENERGY LLC,OIL,ACTIVE,WELL,,,74,,304,,,,,,,,,
3.51094E+13,5/1/1995,183,0,0,183,,71289,752924,0,5.9,0,0,6.1,HUNTON,,JULIUS,1,ASSIDUOUS ENERGY LLC,OIL,ACTIVE,WELL,,,74,,305,,,,,,,,,
3.51094E+13,6/1/1995,179,0,0,179,0,71468,752924,0,5.97,0,0,5.97,HUNTON,,JULIUS,1,ASSIDUOUS ENERGY LLC,OIL,ACTIVE,WELL,,,74,,306,,,,,,,,,
3.51094E+13,7/1/1995,183,0,0,183,,71651,752924,0,5.9,0,0,6.1,HUNTON,,JULIUS,1,ASSIDUOUS ENERGY LLC,OIL,ACTIVE,WELL,,,74,,307,,,,,,,,,
3.51094E+13,8/1/1995,0,7098,0,1183,0,71651,760022,0,0,228.97,0,39.43,HUNTON,,JULIUS,1,ASSIDUOUS ENERGY LLC,OIL,ACTIVE,WELL,,,74,,308,,,,,,,,,
3.51094E+13,9/1/1995,313,8320,0,1699.67,,71964,768342,0,10.43,277.33,0,56.66,HUNTON,,JULIUS,1,ASSIDUOUS ENERGY LLC,OIL,ACTIVE,WELL,,,74,,309,,,,,,,,,
3.51094E+13,10/1/1995,183,8490,0,1598,,72147,776832,0,5.9,273.87,0,53.27,HUNTON,,JULIUS,1,ASSIDUOUS ENERGY LLC,OIL,ACTIVE,WELL,,,74,,310,,,,,,,,,
3.51094E+13,11/1/1995,183,7616,0,1452.33,0,72330,784448,0,6.1,253.87,0,48.41,HUNTON,,JULIUS,1,ASSIDUOUS ENERGY LLC,OIL,ACTIVE,WELL,,,74,,311,,,,,,,,,
3.51094E+13,12/1/1995,0,8392,0,1398.67,0,72330,792840,0,0,270.71,0,46.62,HUNTON,,JULIUS,1,ASSIDUOUS ENERGY LLC,OIL,ACTIVE,WELL,,,74,,312,,,,,,,,,
3.51094E+13,1/1/1996,177,7038,0,1350,0,72507,799878,0,5.71,227.03,0,45,HUNTON,,JULIUS,1,ASSIDUOUS ENERGY LLC,OIL,ACTIVE,WELL,,,74,,313,,,,,,,,,
3.51094E+13,2/1/1996,184,8046,0,1525,,72691,807924,0,6.34,277.45,0,50.83,HUNTON,,JULIUS,1,ASSIDUOUS ENERGY LLC,OIL,ACTIVE,WELL,,,74,,314,,,,,,,,,
3.51094E+13,3/1/1996,184,8750,0,1642.33,,72875,816674,0,5.94,282.26,0,54.74,HUNTON,,JULIUS,1,ASSIDUOUS ENERGY LLC,OIL,ACTIVE,WELL,,,74,,315,,,,,,,,,
3.51094E+13,4/1/1996,184,8494,0,1599.67,,73059,825168,0,6.13,283.13,0,53.32,HUNTON,,JULIUS,1,ASSIDUOUS ENERGY LLC,OIL,ACTIVE,WELL,,,74,,316,,,,,,,,,
3.51094E+13,5/1/1996,183,9134,0,1705.33,0,73242,834302,0,5.9,294.65,0,56.84,HUNTON,,JULIUS,1,ASSIDUOUS ENERGY LLC,OIL,ACTIVE,WELL,,,74,,317,,,,,,,,,
3.51094E+13,6/1/1996,184,8466,0,1595,,73426,842768,0,6.13,282.2,0,53.17,HUNTON,,JULIUS,1,ASSIDUOUS ENERGY LLC,OIL,ACTIVE,WELL,,,74,,318,,,,,,,,,
3.51094E+13,7/1/1996,196,8688,0,1644,0,73622,851456,0,6.32,280.26,0,54.8,HUNTON,,JULIUS,1,ASSIDUOUS ENERGY LLC,OIL,ACTIVE,WELL,,,74,,319,,,,,,,,,
3.51094E+13,8/1/1996,181,8233,0,1553.17,,73803,859689,0,5.84,265.58,0,51.77,HUNTON,,JULIUS,1,ASSIDUOUS ENERGY LLC,OIL,ACTIVE,WELL,,,74,,320,,,,,,,,,
3.51094E+13,9/1/1996,182,8275,0,1561.17,,73985,867964,0,6.07,275.83,0,52.04,HUNTON,,JULIUS,1,ASSIDUOUS ENERGY LLC,OIL,ACTIVE,WELL,,,74,,321,,,,,,,,,
3.51094E+13,10/1/1996,185,8344,0,1575.67,,74170,876308,0,5.97,269.16,0,52.52,HUNTON,,JULIUS,1,ASSIDUOUS ENERGY LLC,OIL,ACTIVE,WELL,,,74,,322,,,,,,,,,
3.51094E+13,11/1/1996,0,8490,0,1415,0,74170,884798,0,0,283,0,47.17,HUNTON,,JULIUS,1,ASSIDUOUS ENERGY LLC,OIL,ACTIVE,WELL,,,74,,323,,,,,,,,,
3.51094E+13,12/1/1996,181,5867,0,1158.83,,74351,890665,0,5.84,189.26,0,38.63,HUNTON,,JULIUS,1,ASSIDUOUS ENERGY LLC,OIL,ACTIVE,WELL,,,74,,324,,,,,,,,,
3.51094E+13,1/1/1997,135,7131,0,1323.5,0,74486,897796,0,4.35,230.03,0,44.12,HUNTON,,JULIUS,1,ASSIDUOUS ENERGY LLC,OIL,ACTIVE,WELL,,,74,,325,,,,,,,,,
3.51094E+13,2/1/1997,187,6341,0,1243.83,0,74673,904137,0,6.68,226.46,0,41.46,HUNTON,,JULIUS,1,ASSIDUOUS ENERGY LLC,OIL,ACTIVE,WELL,,,74,,326,,,,,,,,,
3.51094E+13,3/1/1997,187,7159,0,1380.17,0,74860,911296,0,6.03,230.94,0,46.01,HUNTON,,JULIUS,1,ASSIDUOUS ENERGY LLC,OIL,ACTIVE,WELL,,,74,,327,,,,,,,,,
3.51094E+13,4/1/1997,181,7620,0,1451,,75041,918916,0,6.03,254,0,48.37,HUNTON,,JULIUS,1,ASSIDUOUS ENERGY LLC,OIL,ACTIVE,WELL,,,74,,328,,,,,,,,,
3.51094E+13,5/1/1997,197,8227,0,1568.17,0,75238,927143,0,6.35,265.39,0,52.27,HUNTON,,JULIUS,1,ASSIDUOUS ENERGY LLC,OIL,ACTIVE,WELL,,,74,,329,,,,,,,,,
3.51094E+13,6/1/1997,180,7609,0,1448.17,0,75418,934752,0,6,253.63,0,48.27,HUNTON,,JULIUS,1,ASSIDUOUS ENERGY LLC,OIL,ACTIVE,WELL,,,74,,330,,,,,,,,,
3.51094E+13,7/1/1997,0,8074,0,1345.67,0,75418,942826,0,0,260.45,0,44.86,HUNTON,,JULIUS,1,ASSIDUOUS ENERGY LLC,OIL,ACTIVE,WELL,,,74,,331,,,,,,,,,
3.51094E+13,8/1/1997,183,8047,0,1524.17,,75601,950873,0,5.9,259.58,0,50.81,HUNTON,,JULIUS,1,ASSIDUOUS ENERGY LLC,OIL,ACTIVE,WELL,,,74,,332,,,,,,,,,
3.51094E+13,9/1/1997,188,7564,0,1448.67,,75789,958437,0,6.27,252.13,0,48.29,HUNTON,,JULIUS,1,ASSIDUOUS ENERGY LLC,OIL,ACTIVE,WELL,,,74,,333,,,,,,,,,
3.51094E+13,10/1/1997,189,8218,0,1558.67,,75978,966655,0,6.1,265.1,0,51.96,HUNTON,,JULIUS,1,ASSIDUOUS ENERGY LLC,OIL,ACTIVE,WELL,,,74,,334,,,,,,,,,
3.51094E+13,11/1/1997,0,8497,0,1416.17,0,75978,975152,0,0,283.23,0,47.21,HUNTON,,JULIUS,1,ASSIDUOUS ENERGY LLC,OIL,ACTIVE,WELL,,,74,,335,,,,,,,,,
3.51094E+13,12/1/1997,187,5509,0,1105.17,0,76165,980661,0,6.03,177.71,0,36.84,HUNTON,,JULIUS,1,ASSIDUOUS ENERGY LLC,OIL,ACTIVE,WELL,,,74,,336,,,,,,,,,
3.51094E+13,1/1/1998,189,11593,0,2121.17,0,76354,992254,0,6.1,373.97,0,70.71,HUNTON,,JULIUS,1,ASSIDUOUS ENERGY LLC,OIL,ACTIVE,WELL,,,74,,337,,,,,,,,,
3.51094E+13,2/1/1998,186,10992,0,2018,,76540,1003246,0,6.64,392.57,0,67.27,HUNTON,,JULIUS,1,ASSIDUOUS ENERGY LLC,OIL,ACTIVE,WELL,,,74,,338,,,,,,,,,
3.51094E+13,3/1/1998,361,11304,0,2245,,76901,1014550,0,11.65,364.65,0,74.83,HUNTON,,JULIUS,1,ASSIDUOUS ENERGY LLC,OIL,ACTIVE,WELL,,,74,,339,,,,,,,,,
3.51094E+13,4/1/1998,183,11155,0,2042.17,0,77084,1025705,0,6.1,371.83,0,68.07,HUNTON,,JULIUS,1,ASSIDUOUS ENERGY LLC,OIL,ACTIVE,WELL,,,74,,340,,,,,,,,,
3.51094E+13,5/1/1998,0,8340,0,1390,0,77084,1034045,0,0,269.03,0,46.33,HUNTON,,JULIUS,1,ASSIDUOUS ENERGY LLC,OIL,ACTIVE,WELL,,,74,,341,,,,,,,,,
3.51094E+13,6/1/1998,181,10268,0,1892.33,0,77265,1044313,0,6.03,342.27,0,63.08,HUNTON,,JULIUS,1,ASSIDUOUS ENERGY LLC,OIL,ACTIVE,WELL,,,74,,342,,,,,,,,,
3.51094E+13,7/1/1998,182,11226,0,2053,,77447,1055539,0,5.87,362.13,0,68.43,HUNTON,,JULIUS,1,ASSIDUOUS ENERGY LLC,OIL,ACTIVE,WELL,,,74,,343,,,,,,,,,
3.51094E+13,8/1/1998,185,10755,0,1977.5,0,77632,1066294,0,5.97,346.94,0,65.92,HUNTON,,JULIUS,1,ASSIDUOUS ENERGY LLC,OIL,ACTIVE,WELL,,,74,,344,,,,,,,,,
3.51094E+13,9/1/1998,183,9541,0,1773.17,,77815,1075835,0,6.1,318.03,0,59.11,HUNTON,,JULIUS,1,ASSIDUOUS ENERGY LLC,OIL,ACTIVE,WELL,,,74,,345,,,,,,,,,
3.51094E+13,10/1/1998,111,11359,0,2004.17,,77926,1087194,0,3.58,366.42,0,66.81,HUNTON,,JULIUS,1,ASSIDUOUS ENERGY LLC,OIL,ACTIVE,WELL,,,74,,346,,,,,,,,,
3.51094E+13,11/1/1998,173,9897,0,1822.5,0,78099,1097091,0,5.77,329.9,0,60.75,HUNTON,,JULIUS,1,ASSIDUOUS ENERGY LLC,OIL,ACTIVE,WELL,,,74,,347,,,,,,,,,
3.51094E+13,12/1/1998,146,8999,0,1645.83,,78245,1106090,0,4.71,290.29,0,54.86,HUNTON,,JULIUS,1,ASSIDUOUS ENERGY LLC,OIL,ACTIVE,WELL,,,74,,348,,,,,,,,,
3.51094E+13,1/1/1999,188,11712,0,2140,0,78433,1117802,0,6.06,377.81,0,71.33,HUNTON,,JULIUS,1,ASSIDUOUS ENERGY LLC,OIL,ACTIVE,WELL,,,74,,349,,,,,,,,,
3.51094E+13,2/1/1999,185,8395,0,1584.17,0,78618,1126197,0,6.61,299.82,0,52.81,HUNTON,,JULIUS,1,ASSIDUOUS ENERGY LLC,OIL,ACTIVE,WELL,,,74,,350,,,,,,,,,
3.51094E+13,3/1/1999,0,9726,0,1621,0,78618,1135923,0,0,313.74,0,54.03,HUNTON,,JULIUS,1,ASSIDUOUS ENERGY LLC,OIL,ACTIVE,WELL,,,74,,351,,,,,,,,,
3.51094E+13,4/1/1999,181,10654,0,1956.67,0,78799,1146577,0,6.03,355.13,0,65.22,HUNTON,,JULIUS,1,ASSIDUOUS ENERGY LLC,OIL,ACTIVE,WELL,,,74,,352,,,,,,,,,
3.51094E+13,5/1/1999,184,11201,0,2050.83,,78983,1157778,0,5.94,361.32,0,68.36,HUNTON,,JULIUS,1,ASSIDUOUS ENERGY LLC,OIL,ACTIVE,WELL,,,74,,353,,,,,,,,,
3.51094E+13,6/1/1999,375,10963,0,2202.17,,79358,1168741,0,12.5,365.43,0,73.41,HUNTON,,JULIUS,1,ASSIDUOUS ENERGY LLC,OIL,ACTIVE,WELL,,,74,,354,,,,,,,,,
3.51094E+13,7/1/1999,182,11825,0,2152.83,0,79540,1180566,0,5.87,381.45,0,71.76,HUNTON,,JULIUS,1,ASSIDUOUS ENERGY LLC,OIL,ACTIVE,WELL,,,74,,355,,,,,,,,,
3.51094E+13,8/1/1999,177,11093,0,2025.83,,79717,1191659,0,5.71,357.84,0,67.53,HUNTON,,JULIUS,1,ASSIDUOUS ENERGY LLC,OIL,ACTIVE,WELL,,,74,,356,,,,,,,,,
3.51094E+13,9/1/1999,183,10904,0,2000.33,,79900,1202563,0,6.1,363.47,0,66.68,HUNTON,,JULIUS,1,ASSIDUOUS ENERGY LLC,OIL,ACTIVE,WELL,,,74,,357,,,,,,,,,
3.51094E+13,10/1/1999,185,11467,0,2096.17,,80085,1214030,0,5.97,369.9,0,69.87,HUNTON,,JULIUS,1,ASSIDUOUS ENERGY LLC,OIL,ACTIVE,WELL,,,74,,358,,,,,,,,,
3.51094E+13,11/1/1999,0,9129,0,1521.5,0,80085,1223159,0,0,304.3,0,50.72,HUNTON,,JULIUS,1,ASSIDUOUS ENERGY LLC,OIL,ACTIVE,WELL,,,74,,359,,,,,,,,,
3.51094E+13,12/1/1999,184,12574,0,2279.67,0,80269,1235733,0,5.94,405.61,0,75.99,HUNTON,,JULIUS,1,ASSIDUOUS ENERGY LLC,OIL,ACTIVE,WELL,,,74,,360,,,,,,,,,
3.51094E+13,1/1/2000,158,12183,0,2188.5,,80427,1247916,0,5.1,393,0,72.95,HUNTON,,JULIUS,1,ASSIDUOUS ENERGY LLC,OIL,ACTIVE,WELL,,,74,,361,,,,,,,,,
3.51094E+13,2/1/2000,183,11745,0,2140.5,,80610,1259661,0,6.31,405,0,71.35,HUNTON,,JULIUS,1,ASSIDUOUS ENERGY LLC,OIL,ACTIVE,WELL,,,74,,362,,,,,,,,,
3.51094E+13,3/1/2000,359,12915,0,2511.5,0,80969,1272576,0,11.58,416.61,0,83.72,HUNTON,,JULIUS,1,ASSIDUOUS ENERGY LLC,OIL,ACTIVE,WELL,,,74,,363,,,,,,,,,
3.51094E+13,4/1/2000,0,12277,0,2046.17,0,80969,1284853,0,0,409.23,0,68.21,HUNTON,,JULIUS,1,ASSIDUOUS ENERGY LLC,OIL,ACTIVE,WELL,,,74,,364,,,,,,,,,
3.51094E+13,5/1/2000,185,12305,0,2235.83,0,81154,1297158,0,5.97,396.94,0,74.53,HUNTON,,JULIUS,1,ASSIDUOUS ENERGY LLC,OIL,ACTIVE,WELL,,,74,,365,,,,,,,,,
3.51094E+13,6/1/2000,180,12292,0,2228.67,0,81334,1309450,0,6,409.73,0,74.29,HUNTON,,JULIUS,1,ASSIDUOUS ENERGY LLC,OIL,ACTIVE,WELL,,,74,,366,,,,,,,,,
3.51094E+13,7/1/2000,182,10822,0,1985.67,0,81516,1320272,0,5.87,349.1,0,66.19,HUNTON,,JULIUS,1,ASSIDUOUS ENERGY LLC,OIL,ACTIVE,WELL,,,74,,367,,,,,,,,,
3.51094E+13,8/1/2000,181,12129,0,2202.5,0,81697,1332401,0,5.84,391.26,0,73.42,HUNTON,,JULIUS,1,ASSIDUOUS ENERGY LLC,OIL,ACTIVE,WELL,,,74,,368,,,,,,,,,
3.51094E+13,9/1/2000,184,11655,0,2126.5,0,81881,1344056,0,6.13,388.5,0,70.88,HUNTON,,JULIUS,1,ASSIDUOUS ENERGY LLC,OIL,ACTIVE,WELL,,,74,,369,,,,,,,,,
3.51094E+13,10/1/2000,182,12543,0,2272.5,0,82063,1356599,0,5.87,404.61,0,75.75,HUNTON,,JULIUS,1,ASSIDUOUS ENERGY LLC,OIL,ACTIVE,WELL,,,74,,370,,,,,,,,,
3.51094E+13,11/1/2000,185,11633,0,2123.83,0,82248,1368232,0,6.17,387.77,0,70.79,HUNTON,,JULIUS,1,ASSIDUOUS ENERGY LLC,OIL,ACTIVE,WELL,,,74,,371,,,,,,,,,
3.51094E+13,12/1/2000,185,10369,0,1913.17,0,82433,1378601,0,5.97,334.48,0,63.77,HUNTON,,JULIUS,1,ASSIDUOUS ENERGY LLC,OIL,ACTIVE,WELL,,,74,,372,,,,,,,,,
3.51094E+13,1/1/2001,191,12756,0,2317,0,82624,1391357,0,6.16,411.48,0,77.23,HUNTON,,JULIUS,1,ASSIDUOUS ENERGY LLC,OIL,ACTIVE,WELL,,,74,,373,,,,,,,,,
3.51094E+13,2/1/2001,183,9304,0,1733.67,0,82807,1400661,0,6.54,332.29,0,57.79,HUNTON,,JULIUS,1,ASSIDUOUS ENERGY LLC,OIL,ACTIVE,WELL,,,74,,374,,,,,,,,,
3.51094E+13,3/1/2001,127,11023,0,1964.17,0,82934,1411684,0,4.1,355.58,0,65.47,HUNTON,,JULIUS,1,ASSIDUOUS ENERGY LLC,OIL,ACTIVE,WELL,,,74,,375,,,,,,,,,
3.51094E+13,4/1/2001,360,12916,0,2512.67,0,83294,1424600,0,12,430.53,0,83.76,HUNTON,,JULIUS,1,ASSIDUOUS ENERGY LLC,OIL,ACTIVE,WELL,,,74,,376,,,,,,,,,
3.51094E+13,5/1/2001,182,16405,0,2916.17,0,83476,1441005,0,5.87,529.19,0,97.21,HUNTON,,JULIUS,1,ASSIDUOUS ENERGY LLC,OIL,ACTIVE,WELL,,,74,,377,,,,,,,,,
3.51094E+13,6/1/2001,181,15038,0,2687.33,0,83657,1456043,0,6.03,501.27,0,89.58,HUNTON,,JULIUS,1,ASSIDUOUS ENERGY LLC,OIL,ACTIVE,WELL,,,74,,378,,,,,,,,,
3.51094E+13,7/1/2001,183,10291,0,1898.17,0,83840,1466334,0,5.9,331.97,0,63.27,HUNTON,,JULIUS,1,ASSIDUOUS ENERGY LLC,OIL,ACTIVE,WELL,,,74,,379,,,,,,,,,
3.51094E+13,8/1/2001,175,11547,0,2099.5,0,84015,1477881,0,5.65,372.48,0,69.98,HUNTON,,JULIUS,1,ASSIDUOUS ENERGY LLC,OIL,ACTIVE,WELL,,,74,,380,,,,,,,,,
3.51094E+13,9/1/2001,183,14698,0,2632.67,0,84198,1492579,0,6.1,489.93,0,87.76,HUNTON,,JULIUS,1,ASSIDUOUS ENERGY LLC,OIL,ACTIVE,WELL,,,74,,381,,,,,,,,,
3.51094E+13,10/1/2001,178,14015,0,2513.83,0,84376,1506594,0,5.74,452.1,0,83.79,HUNTON,,JULIUS,1,ASSIDUOUS ENERGY LLC,OIL,ACTIVE,WELL,,,74,,382,,,,,,,,,
3.51094E+13,11/1/2001,186,12698,0,2302.33,0,84562,1519292,0,6.2,423.27,0,76.74,HUNTON,,JULIUS,1,ASSIDUOUS ENERGY LLC,OIL,ACTIVE,WELL,,,74,,383,,,,,,,,,
3.51094E+13,12/1/2001,182,13768,0,2476.67,0,84744,1533060,0,5.87,444.13,0,82.56,HUNTON,,JULIUS,1,ASSIDUOUS ENERGY LLC,OIL,ACTIVE,WELL,,,74,,384,,,,,,,,,
3.51094E+13,1/1/2002,364,11875,0,2343.17,0,85108,1544935,0,11.74,383.06,0,78.11,HUNTON,,JULIUS,1,ASSIDUOUS ENERGY LLC,OIL,ACTIVE,WELL,,,74,,385,,,,,,,,,
3.51094E+13,2/1/2002,0,10455,0,1742.5,0,85108,1555390,0,0,373.39,0,58.08,HUNTON,,JULIUS,1,ASSIDUOUS ENERGY LLC,OIL,ACTIVE,WELL,,,74,,386,,,,,,,,,
3.51094E+13,3/1/2002,182,12333,0,2237.5,0,85290,1567723,0,5.87,397.84,0,74.58,HUNTON,,JULIUS,1,ASSIDUOUS ENERGY LLC,OIL,ACTIVE,WELL,,,74,,387,,,,,,,,,
3.51094E+13,4/1/2002,179,9197,0,1711.83,0,85469,1576920,0,5.97,306.57,0,57.06,HUNTON,,JULIUS,1,ASSIDUOUS ENERGY LLC,OIL,ACTIVE,WELL,,,74,,388,,,,,,,,,
3.51094E+13,5/1/2002,535,22680,0,4315,0,86004,1599600,0,17.26,731.61,0,143.83,HUNTON,,JULIUS,1,ASSIDUOUS ENERGY LLC,OIL,ACTIVE,WELL,,,74,,389,,,,,,,,,
3.51094E+13,6/1/2002,356,19339,0,3579.17,0,86360,1618939,0,11.87,644.63,0,119.31,HUNTON,,JULIUS,1,ASSIDUOUS ENERGY LLC,OIL,ACTIVE,WELL,,,74,,390,,,,,,,,,
3.51094E+13,7/1/2002,353,19788,0,3651,0,86713,1638727,0,11.39,638.32,0,121.7,HUNTON,,JULIUS,1,ASSIDUOUS ENERGY LLC,OIL,ACTIVE,WELL,,,74,,391,,,,,,,,,
3.51094E+13,8/1/2002,369,20182,0,3732.67,0,87082,1658909,0,11.9,651.03,0,124.42,HUNTON,,JULIUS,1,ASSIDUOUS ENERGY LLC,OIL,ACTIVE,WELL,,,74,,392,,,,,,,,,
3.51094E+13,9/1/2002,374,20015,0,3709.83,0,87456,1678924,0,12.47,667.17,0,123.66,HUNTON,,JULIUS,1,ASSIDUOUS ENERGY LLC,OIL,ACTIVE,WELL,,,74,,393,,,,,,,,,
3.51094E+13,10/1/2002,356,19890,0,3671,0,87812,1698814,0,11.48,641.61,0,122.37,HUNTON,,JULIUS,1,ASSIDUOUS ENERGY LLC,OIL,ACTIVE,WELL,,,74,,394,,,,,,,,,
3.51094E+13,11/1/2002,364,21214,0,3899.67,0,88176,1720028,0,12.13,707.13,0,129.99,HUNTON,,JULIUS,1,ASSIDUOUS ENERGY LLC,OIL,ACTIVE,WELL,,,74,,395,,,,,,,,,
3.51094E+13,12/1/2002,349,20997,0,3848.5,0,88525,1741025,0,11.26,677.32,0,128.28,HUNTON,,JULIUS,1,ASSIDUOUS ENERGY LLC,OIL,ACTIVE,WELL,,,74,,396,,,,,,,,,
3.51094E+13,1/1/2003,177,19450,0,3418.67,0,88702,1760475,0,5.71,627.42,0,113.96,HUNTON,,JULIUS,1,ASSIDUOUS ENERGY LLC,OIL,ACTIVE,WELL,,,74,,397,,,,,,,,,
3.51094E+13,2/1/2003,183,18328,0,3237.67,0,88885,1778803,0,6.54,654.57,0,107.92,HUNTON,,JULIUS,1,ASSIDUOUS ENERGY LLC,OIL,ACTIVE,WELL,,,74,,398,,,,,,,,,
3.51094E+13,3/1/2003,360,21744,0,3984,0,89245,1800547,0,11.61,701.42,0,132.8,HUNTON,,JULIUS,1,ASSIDUOUS ENERGY LLC,OIL,ACTIVE,WELL,,,74,,399,,,,,,,,,
3.51094E+13,4/1/2003,354,21083,0,3867.83,0,89599,1821630,0,11.8,702.77,0,128.93,HUNTON,,JULIUS,1,ASSIDUOUS ENERGY LLC,OIL,ACTIVE,WELL,,,74,,400,,,,,,,,,
3.51094E+13,5/1/2003,352,20328,0,3740,0,89951,1841958,0,11.35,655.74,0,124.67,HUNTON,,JULIUS,1,ASSIDUOUS ENERGY LLC,OIL,ACTIVE,WELL,,,74,,401,,,,,,,,,
3.51094E+13,6/1/2003,349,18491,0,3430.83,0,90300,1860449,0,11.63,616.37,0,114.36,HUNTON,,JULIUS,1,ASSIDUOUS ENERGY LLC,OIL,ACTIVE,WELL,,,74,,402,,,,,,,,,
3.51094E+13,7/1/2003,173,21533,0,3761.83,0,90473,1881982,0,5.58,694.61,0,125.39,HUNTON,,JULIUS,1,ASSIDUOUS ENERGY LLC,OIL,ACTIVE,WELL,,,74,,403,,,,,,,,,
3.51094E+13,8/1/2003,360,22118,0,4046.33,0,90833,1904100,0,11.61,713.48,0,134.88,HUNTON,,JULIUS,1,ASSIDUOUS ENERGY LLC,OIL,ACTIVE,WELL,,,74,,404,,,,,,,,,
3.51094E+13,9/1/2003,367,19364,0,3594.33,0,91200,1923464,0,12.23,645.47,0,119.81,HUNTON,,JULIUS,1,ASSIDUOUS ENERGY LLC,OIL,ACTIVE,WELL,,,74,,405,,,,,,,,,
3.51094E+13,10/1/2003,185,18468,0,3263,0,91385,1941932,0,5.97,595.74,0,108.77,HUNTON,,JULIUS,1,ASSIDUOUS ENERGY LLC,OIL,ACTIVE,WELL,,,74,,406,,,,,,,,,
3.51094E+13,11/1/2003,367,20092,0,3715.67,0,91752,1962024,0,12.23,669.73,0,123.86,HUNTON,,JULIUS,1,ASSIDUOUS ENERGY LLC,OIL,ACTIVE,WELL,,,74,,407,,,,,,,,,
3.51094E+13,12/1/2003,362,23896,0,4344.67,0,92114,1985920,0,11.68,770.84,0,144.82,HUNTON,,JULIUS,1,ASSIDUOUS ENERGY LLC,OIL,ACTIVE,WELL,,,74,,408,,,,,,,,,
3.51094E+13,1/1/2004,340,24538,0,4429.67,0,92454,2010458,0,10.97,791.55,0,147.66,HUNTON,,JULIUS,1,ASSIDUOUS ENERGY LLC,OIL,ACTIVE,WELL,,,74,,409,,,,,,,,,
3.51094E+13,2/1/2004,368,22380,0,4098,0,92822,2032838,0,12.69,771.72,0,136.6,HUNTON,,JULIUS,1,ASSIDUOUS ENERGY LLC,OIL,ACTIVE,WELL,,,74,,410,,,,,,,,,
3.51094E+13,3/1/2004,163,16652,0,2938.33,0,92985,2049490,0,5.26,537.16,0,97.94,HUNTON,,JULIUS,1,ASSIDUOUS ENERGY LLC,OIL,ACTIVE,WELL,,,74,,411,,,,,,,,,
3.51094E+13,4/1/2004,532,27531,0,5120.5,0,93517,2077021,0,17.73,917.7,0,170.68,HUNTON,,JULIUS,1,ASSIDUOUS ENERGY LLC,OIL,ACTIVE,WELL,,,74,,412,,,,,,,,,
3.51094E+13,5/1/2004,538,28475,0,5283.83,0,94055,2105496,0,17.35,918.55,0,176.13,HUNTON,,JULIUS,1,ASSIDUOUS ENERGY LLC,OIL,ACTIVE,WELL,,,74,,413,,,,,,,,,
3.51094E+13,6/1/2004,359,27690,0,4974,0,94414,2133186,0,11.97,923,0,165.8,HUNTON,,JULIUS,1,ASSIDUOUS ENERGY LLC,OIL,ACTIVE,WELL,,,74,,414,,,,,,,,,
3.51094E+13,7/1/2004,165,24014,0,4167.33,0,94579,2157200,0,5.32,774.65,0,138.91,HUNTON,,JULIUS,1,ASSIDUOUS ENERGY LLC,OIL,ACTIVE,WELL,,,74,,415,,,,,,,,,
3.51094E+13,8/1/2004,350,50299,0,8733.17,0,94929,2207499,0,11.29,1622.55,0,291.11,HUNTON,,JULIUS,1,ASSIDUOUS ENERGY LLC,OIL,ACTIVE,WELL,,,74,,416,,,,,,,,,
3.51094E+13,9/1/2004,360,20246,0,3734.33,0,95289,2227745,0,12,674.87,0,124.48,HUNTON,,JULIUS,1,ASSIDUOUS ENERGY LLC,OIL,ACTIVE,WELL,,,74,,417,,,,,,,,,
3.51094E+13,10/1/2004,171,20156,0,3530.33,0,95460,2247901,0,5.52,650.19,0,117.68,HUNTON,,JULIUS,1,ASSIDUOUS ENERGY LLC,OIL,ACTIVE,WELL,,,74,,418,,,,,,,,,
3.51094E+13,11/1/2004,358,21656,0,3967.33,0,95818,2269557,0,11.93,721.87,0,132.24,HUNTON,,JULIUS,1,ASSIDUOUS ENERGY LLC,OIL,ACTIVE,WELL,,,74,,419,,,,,,,,,
3.51094E+13,12/1/2004,179,18507,0,3263.5,0,95997,2288064,0,5.77,597,0,108.78,HUNTON,,JULIUS,1,ASSIDUOUS ENERGY LLC,OIL,ACTIVE,WELL,,,74,,420,,,,,,,,,
3.51094E+13,1/1/2005,183,17983,0,3180.17,,96180,2306047,0,5.9,580.1,0,106.01,HUNTON,,JULIUS,1,ASSIDUOUS ENERGY LLC,OIL,ACTIVE,WELL,,,74,,421,,,,,,,,,
3.51094E+13,2/1/2005,181,14468,0,2592.33,,96361,2320515,0,6.46,516.71,0,86.41,HUNTON,,JULIUS,1,ASSIDUOUS ENERGY LLC,OIL,ACTIVE,WELL,,,74,,422,,,,,,,,,
3.51094E+13,3/1/2005,181,15013,0,2683.17,,96542,2335528,0,5.84,484.29,0,89.44,HUNTON,,JULIUS,1,ASSIDUOUS ENERGY LLC,OIL,ACTIVE,WELL,,,74,,423,,,,,,,,,
3.51094E+13,4/1/2005,0,13263,0,2210.5,,96542,2348791,0,0,442.1,0,73.68,HUNTON,,JULIUS,1,ASSIDUOUS ENERGY LLC,OIL,ACTIVE,WELL,,,74,,424,,,,,,,,,
3.51094E+13,5/1/2005,165,12952,0,2323.67,,96707,2361743,0,5.32,417.81,0,77.46,HUNTON,,JULIUS,1,ASSIDUOUS ENERGY LLC,OIL,ACTIVE,WELL,,,74,,425,,,,,,,,,
3.51094E+13,6/1/2005,182,13903,0,2499.17,,96889,2375646,0,6.07,463.43,0,83.31,HUNTON,,JULIUS,1,ASSIDUOUS ENERGY LLC,OIL,ACTIVE,WELL,,,74,,426,,,,,,,,,
3.51094E+13,7/1/2005,104,9053,0,1612.83,,96993,2384699,0,3.35,292.03,0,53.76,HUNTON,,JULIUS,1,ASSIDUOUS ENERGY LLC,OIL,ACTIVE,WELL,,,74,,427,,,,,,,,,
3.51094E+13,8/1/2005,0,8073,0,1345.5,,96993,2392772,0,0,260.42,0,44.85,HUNTON,,JULIUS,1,ASSIDUOUS ENERGY LLC,OIL,ACTIVE,WELL,,,74,,428,,,,,,,,,
3.51094E+13,9/1/2005,104,8568,0,1532,,97097,2401340,0,3.47,285.6,0,51.07,HUNTON,,JULIUS,1,ASSIDUOUS ENERGY LLC,OIL,ACTIVE,WELL,,,74,,429,,,,,,,,,
3.51094E+13,10/1/2005,174,8191,0,1539.17,,97271,2409531,0,5.61,264.23,0,51.31,HUNTON,,JULIUS,1,ASSIDUOUS ENERGY LLC,OIL,ACTIVE,WELL,,,74,,430,,,,,,,,,
3.51094E+13,11/1/2005,106,0,0,106,,97377,2409531,0,3.53,0,0,3.53,HUNTON,,JULIUS,1,ASSIDUOUS ENERGY LLC,OIL,ACTIVE,WELL,,,74,,431,,,,,,,,,
3.51094E+13,1/1/2006,98,0,0,98,,97475,2409531,0,3.16,0,0,3.27,HUNTON,,JULIUS,1,ASSIDUOUS ENERGY LLC,OIL,ACTIVE,WELL,,,74,,433,,,,,,,,,
3.51094E+13,3/1/2006,104,0,0,104,,97579,2409531,0,3.35,0,0,3.47,HUNTON,,JULIUS,1,ASSIDUOUS ENERGY LLC,OIL,ACTIVE,WELL,,,74,,435,,,,,,,,,
3.51094E+13,6/1/2006,96,0,0,96,,97675,2409531,0,3.2,0,0,3.2,HUNTON,,JULIUS,1,ASSIDUOUS ENERGY LLC,OIL,ACTIVE,WELL,,,74,,438,,,,,,,,,
3.51094E+13,8/1/2006,98,0,0,98,,97773,2409531,0,3.16,0,0,3.27,HUNTON,,JULIUS,1,ASSIDUOUS ENERGY LLC,OIL,ACTIVE,WELL,,,74,,440,,,,,,,,,
3.51094E+13,12/1/2006,106,0,0,106,,97879,2409531,0,3.42,0,0,3.53,HUNTON,,JULIUS,1,ASSIDUOUS ENERGY LLC,OIL,ACTIVE,WELL,,,74,,444,,,,,,,,,
3.51094E+13,2/1/2007,186,0,0,186,,98065,2409531,0,6.64,0,0,6.2,HUNTON,,JULIUS,1,ASSIDUOUS ENERGY LLC,OIL,ACTIVE,WELL,,,74,,446,,,,,,,,,
3.51094E+13,5/1/2007,165,0,0,165,,98230,2409531,0,5.32,0,0,5.5,HUNTON,,JULIUS,1,ASSIDUOUS ENERGY LLC,OIL,ACTIVE,WELL,,,74,,449,,,,,,,,,
3.51094E+13,6/1/2007,0,8529,0,1421.5,,98230,2418060,0,0,284.3,0,47.38,HUNTON,,JULIUS,1,ASSIDUOUS ENERGY LLC,OIL,ACTIVE,WELL,,,74,,450,,,,,,,,,
3.51094E+13,7/1/2007,0,8405,0,1400.83,,98230,2426465,0,0,271.13,0,46.69,HUNTON,,JULIUS,1,ASSIDUOUS ENERGY LLC,OIL,ACTIVE,WELL,,,74,,451,,,,,,,,,
3.51094E+13,8/1/2007,0,8759,0,1459.83,,98230,2435224,0,0,282.55,0,48.66,HUNTON,,JULIUS,1,ASSIDUOUS ENERGY LLC,OIL,ACTIVE,WELL,,,74,,452,,,,,,,,,
3.51094E+13,9/1/2007,0,8124,0,1354,0,98230,2443348,0,0,270.8,0,45.13,HUNTON,,JULIUS,1,ASSIDUOUS ENERGY LLC,OIL,ACTIVE,WELL,,,74,,453,,,,,,,,,
3.51094E+13,10/1/2007,168,8652,0,1610,0,98398,2452000,0,5.42,279.1,0,53.67,HUNTON,,JULIUS,1,ASSIDUOUS ENERGY LLC,OIL,ACTIVE,WELL,,,74,,454,,,,,,,,,
3.51094E+13,11/1/2007,0,8178,0,1363,,98398,2460178,0,0,272.6,0,45.43,HUNTON,,JULIUS,1,ASSIDUOUS ENERGY LLC,OIL,ACTIVE,WELL,,,74,,455,,,,,,,,,
3.51094E+13,12/1/2007,170,8228,0,1541.33,,98568,2468406,0,5.48,265.42,0,51.38,HUNTON,,JULIUS,1,ASSIDUOUS ENERGY LLC,OIL,ACTIVE,WELL,,,74,,456,,,,,,,,,
3.51094E+13,1/1/2008,0,8401,0,1400.17,0,98568,2476807,0,0,271,0,46.67,HUNTON,,JULIUS,1,ASSIDUOUS ENERGY LLC,OIL,ACTIVE,WELL,,,74,,457,,,,,,,,,
3.51094E+13,2/1/2008,0,6561,0,1093.5,0,98568,2483368,0,0,226.24,0,36.45,HUNTON,,JULIUS,1,ASSIDUOUS ENERGY LLC,OIL,ACTIVE,WELL,,,74,,458,,,,,,,,,
3.51094E+13,3/1/2008,181,0,0,181,0,98749,2483368,0,5.84,0,0,6.03,HUNTON,,JULIUS,1,ASSIDUOUS ENERGY LLC,OIL,ACTIVE,WELL,,,74,,459,,,,,,,,,
3.51094E+13,4/1/2008,0,8737,0,1456.17,0,98749,2492105,0,0,291.23,0,48.54,HUNTON,,JULIUS,1,ASSIDUOUS ENERGY LLC,OIL,ACTIVE,WELL,,,74,,460,,,,,,,,,
3.51094E+13,5/1/2008,0,9741,0,1623.5,0,98749,2501846,0,0,314.23,0,54.12,HUNTON,,JULIUS,1,ASSIDUOUS ENERGY LLC,OIL,ACTIVE,WELL,,,74,,461,,,,,,,,,
3.51094E+13,6/1/2008,182,5110,0,1033.67,,98931,2506956,0,6.07,170.33,0,34.46,HUNTON,,JULIUS,1,ASSIDUOUS ENERGY LLC,OIL,ACTIVE,WELL,,,74,,462,,,,,,,,,
3.51094E+13,7/1/2008,0,6014,0,1002.33,0,98931,2512970,0,0,194,0,33.41,HUNTON,,JULIUS,1,ASSIDUOUS ENERGY LLC,OIL,ACTIVE,WELL,,,74,,463,,,,,,,,,
3.51094E+13,8/1/2008,0,5777,0,962.83,0,98931,2518747,0,0,186.35,0,32.09,HUNTON,,JULIUS,1,ASSIDUOUS ENERGY LLC,OIL,ACTIVE,WELL,,,74,,464,,,,,,,,,
3.51094E+13,9/1/2008,0,4075,0,679.17,0,98931,2522822,0,0,135.83,0,22.64,HUNTON,,JULIUS,1,ASSIDUOUS ENERGY LLC,OIL,ACTIVE,WELL,,,74,,465,,,,,,,,,
3.51094E+13,10/1/2008,167,5485,0,1081.17,0,99098,2528307,0,5.39,176.94,0,36.04,HUNTON,,JULIUS,1,ASSIDUOUS ENERGY LLC,OIL,ACTIVE,WELL,,,74,,466,,,,,,,,,
3.51094E+13,11/1/2008,0,4920,0,820,0,99098,2533227,0,0,164,0,27.33,HUNTON,,JULIUS,1,ASSIDUOUS ENERGY LLC,OIL,ACTIVE,WELL,,,74,,467,,,,,,,,,
3.51094E+13,12/1/2008,0,4445,0,740.83,0,99098,2537672,0,0,143.39,0,24.69,HUNTON,,JULIUS,1,ASSIDUOUS ENERGY LLC,OIL,ACTIVE,WELL,,,74,,468,,,,,,,,,
3.51094E+13,1/1/2009,0,4833,0,805.5,0,99098,2542505,0,0,155.9,0,26.85,HUNTON,,JULIUS,1,ASSIDUOUS ENERGY LLC,OIL,ACTIVE,WELL,,,74,,469,,,,,,,,,
3.51094E+13,2/1/2009,0,7351,0,1225.17,0,99098,2549856,0,0,262.54,0,40.84,HUNTON,,JULIUS,1,ASSIDUOUS ENERGY LLC,OIL,ACTIVE,WELL,,,74,,470,,,,,,,,,
3.51094E+13,3/1/2009,0,7518,0,1253,0,99098,2557374,0,0,242.52,0,41.77,HUNTON,,JULIUS,1,ASSIDUOUS ENERGY LLC,OIL,ACTIVE,WELL,,,74,,471,,,,,,,,,
3.51094E+13,4/1/2009,179,7391,0,1410.83,0,99277,2564765,0,5.97,246.37,0,47.03,HUNTON,,JULIUS,1,ASSIDUOUS ENERGY LLC,OIL,ACTIVE,WELL,,,74,,472,,,,,,,,,
3.51094E+13,5/1/2009,0,7454,0,1242.33,0,99277,2572219,0,0,240.45,0,41.41,HUNTON,,JULIUS,1,ASSIDUOUS ENERGY LLC,OIL,ACTIVE,WELL,,,74,,473,,,,,,,,,
3.51094E+13,6/1/2009,0,7258,0,1209.67,0,99277,2579477,0,0,241.93,0,40.32,HUNTON,,JULIUS,1,ASSIDUOUS ENERGY LLC,OIL,ACTIVE,WELL,,,74,,474,,,,,,,,,
3.51094E+13,7/1/2009,0,7563,0,1260.5,0,99277,2587040,0,0,243.97,0,42.02,HUNTON,,JULIUS,1,ASSIDUOUS ENERGY LLC,OIL,ACTIVE,WELL,,,74,,475,,,,,,,,,
3.51094E+13,8/1/2009,0,7375,0,1229.17,0,99277,2594415,0,0,237.9,0,40.97,HUNTON,,JULIUS,1,ASSIDUOUS ENERGY LLC,OIL,ACTIVE,WELL,,,74,,476,,,,,,,,,
3.51094E+13,9/1/2009,0,7110,0,1185,0,99277,2601525,0,0,237,0,39.5,HUNTON,,JULIUS,1,ASSIDUOUS ENERGY LLC,OIL,ACTIVE,WELL,,,74,,477,,,,,,,,,
3.51094E+13,10/1/2009,0,7416,0,1236,0,99277,2608941,0,0,239.23,0,41.2,HUNTON,,JULIUS,1,ASSIDUOUS ENERGY LLC,OIL,ACTIVE,WELL,,,74,,478,,,,,,,,,
3.51094E+13,11/1/2009,185,7782,0,1482,0,99462,2616723,0,6.17,259.4,0,49.4,HUNTON,,JULIUS,1,ASSIDUOUS ENERGY LLC,OIL,ACTIVE,WELL,,,74,,479,,,,,,,,,
3.51094E+13,12/1/2009,0,6988,0,1164.67,0,99462,2623711,0,0,225.42,0,38.82,HUNTON,,JULIUS,1,ASSIDUOUS ENERGY LLC,OIL,ACTIVE,WELL,,,74,,480,,,,,,,,,
3.51094E+13,1/1/2010,0,6551,0,1091.83,0,99462,2630262,0,0,211.32,0,36.39,HUNTON,,JULIUS,1,ASSIDUOUS ENERGY LLC,OIL,ACTIVE,WELL,,,74,,481,,,,,,,,,
3.51094E+13,2/1/2010,165,6574,0,1260.67,0,99627,2636836,0,5.89,234.79,0,42.02,HUNTON,,JULIUS,1,ASSIDUOUS ENERGY LLC,OIL,ACTIVE,WELL,,,74,,482,,,,,,,,,
3.51094E+13,3/1/2010,0,5324,0,887.33,0,99627,2642160,0,0,171.74,0,29.58,HUNTON,,JULIUS,1,ASSIDUOUS ENERGY LLC,OIL,ACTIVE,WELL,,,74,,483,,,,,,,,,
3.51094E+13,4/1/2010,0,7650,0,1275,0,99627,2649810,0,0,255,0,42.5,HUNTON,,JULIUS,1,ASSIDUOUS ENERGY LLC,OIL,ACTIVE,WELL,,,74,,484,,,,,,,,,
3.51094E+13,5/1/2010,169,6404,0,1236.33,0,99796,2656214,0,5.45,206.58,0,41.21,HUNTON,,JULIUS,1,ASSIDUOUS ENERGY LLC,OIL,ACTIVE,WELL,,,74,,485,,,,,,,,,
3.51094E+13,6/1/2010,0,6072,0,1012,0,99796,2662286,0,0,202.4,0,33.73,HUNTON,,JULIUS,1,ASSIDUOUS ENERGY LLC,OIL,ACTIVE,WELL,,,74,,486,,,,,,,,,
3.51094E+13,7/1/2010,0,6168,0,1028,0,99796,2668454,0,0,198.97,0,34.27,HUNTON,,JULIUS,1,ASSIDUOUS ENERGY LLC,OIL,ACTIVE,WELL,,,74,,487,,,,,,,,,
3.51094E+13,8/1/2010,0,6630,0,1105,0,99796,2675084,0,0,213.87,0,36.83,HUNTON,,JULIUS,1,ASSIDUOUS ENERGY LLC,OIL,ACTIVE,WELL,,,74,,488,,,,,,,,,
3.51094E+13,9/1/2010,0,6370,0,1061.67,0,99796,2681454,0,0,212.33,0,35.39,HUNTON,,JULIUS,1,ASSIDUOUS ENERGY LLC,OIL,ACTIVE,WELL,,,74,,489,,,,,,,,,
3.51094E+13,10/1/2010,0,6678,0,1113,0,99796,2688132,0,0,215.42,0,37.1,HUNTON,,JULIUS,1,ASSIDUOUS ENERGY LLC,OIL,ACTIVE,WELL,,,74,,490,,,,,,,,,
3.51094E+13,11/1/2010,0,6561,0,1093.5,0,99796,2694693,0,0,218.7,0,36.45,HUNTON,,JULIUS,1,ASSIDUOUS ENERGY LLC,OIL,ACTIVE,WELL,,,74,,491,,,,,,,,,
3.51094E+13,12/1/2010,180,6683,0,1293.83,0,99976,2701376,0,5.81,215.58,0,43.13,HUNTON,,JULIUS,1,ASSIDUOUS ENERGY LLC,OIL,ACTIVE,WELL,,,74,,492,,,,,,,,,
3.51094E+13,1/1/2011,0,5910,0,985,0,99976,2707286,0,0,190.65,0,32.83,HUNTON,,JULIUS,1,ASSIDUOUS ENERGY LLC,OIL,ACTIVE,WELL,,,74,,493,,,,,,,,,
3.51094E+13,2/1/2011,0,4928,0,821.33,0,99976,2712214,0,0,176,0,27.38,HUNTON,,JULIUS,1,ASSIDUOUS ENERGY LLC,OIL,ACTIVE,WELL,,,74,,494,,,,,,,,,
3.51094E+13,3/1/2011,0,5538,0,923,0,99976,2717752,0,0,178.65,0,30.77,HUNTON,,JULIUS,1,ASSIDUOUS ENERGY LLC,OIL,ACTIVE,WELL,,,74,,495,,,,,,,,,
3.51094E+13,4/1/2011,154,6480,0,1234,0,100130,2724232,0,5.13,216,0,41.13,HUNTON,,JULIUS,1,ASSIDUOUS ENERGY LLC,OIL,ACTIVE,WELL,,,74,,496,,,,,,,,,
3.51094E+13,5/1/2011,0,6694,0,1115.67,0,100130,2730926,0,0,215.94,0,37.19,HUNTON,,JULIUS,1,ASSIDUOUS ENERGY LLC,OIL,ACTIVE,WELL,,,74,,497,,,,,,,,,
3.51094E+13,6/1/2011,148,6183,0,1178.5,0,100278,2737109,0,4.93,206.1,0,39.28,HUNTON,,JULIUS,1,ASSIDUOUS ENERGY LLC,OIL,ACTIVE,WELL,,,74,,498,,,,,,,,,
3.51094E+13,7/1/2011,0,6278,0,1046.33,0,100278,2743387,0,0,202.52,0,34.88,HUNTON,,JULIUS,1,ASSIDUOUS ENERGY LLC,OIL,ACTIVE,WELL,,,74,,499,,,,,,,,,
3.51094E+13,8/1/2011,0,6625,0,1104.17,0,100278,2750012,0,0,213.71,0,36.81,HUNTON,,JULIUS,1,ASSIDUOUS ENERGY LLC,OIL,ACTIVE,WELL,,,74,,500,,,,,,,,,
3.51094E+13,9/1/2011,150,6229,0,1188.17,0,100428,2756241,0,5,207.63,0,39.61,HUNTON,,JULIUS,1,ASSIDUOUS ENERGY LLC,OIL,ACTIVE,WELL,,,74,,501,,,,,,,,,
3.51094E+13,10/1/2011,0,6231,0,1038.5,0,100428,2762472,0,0,201,0,34.62,HUNTON,,JULIUS,1,ASSIDUOUS ENERGY LLC,OIL,ACTIVE,WELL,,,74,,502,,,,,,,,,
3.51094E+13,11/1/2011,180,4943,0,1003.83,0,100608,2767415,0,6,164.77,0,33.46,HUNTON,,JULIUS,1,ASSIDUOUS ENERGY LLC,OIL,ACTIVE,WELL,,,74,,503,,,,,,,,,
3.51094E+13,12/1/2011,0,6310,0,1051.67,0,100608,2773725,0,0,203.55,0,35.06,HUNTON,,JULIUS,1,ASSIDUOUS ENERGY LLC,OIL,ACTIVE,WELL,,,74,,504,,,,,,,,,
3.51094E+13,1/1/2012,159,5971,0,1154.17,0,100767,2779696,0,5.13,192.61,0,38.47,HUNTON,,JULIUS,1,ASSIDUOUS ENERGY LLC,OIL,ACTIVE,WELL,,,74,,505,,,,,,,,,
3.51094E+13,2/1/2012,162,5424,0,1066,0,100929,2785120,0,5.59,187.03,0,35.53,HUNTON,,JULIUS,1,ASSIDUOUS ENERGY LLC,OIL,ACTIVE,WELL,,,74,,506,,,,,,,,,
3.51094E+13,3/1/2012,0,5852,0,975.33,0,100929,2790972,0,0,188.77,0,32.51,HUNTON,,JULIUS,1,ASSIDUOUS ENERGY LLC,OIL,ACTIVE,WELL,,,74,,507,,,,,,,,,
3.51094E+13,4/1/2012,160,5656,0,1102.67,,101089,2796628,0,5.33,188.53,0,36.76,HUNTON,,JULIUS,1,ASSIDUOUS ENERGY LLC,OIL,ACTIVE,WELL,,,74,,508,,,,,,,,,
3.51094E+13,5/1/2012,0,5787,0,964.5,0,101089,2802415,0,0,186.68,0,32.15,HUNTON,,JULIUS,1,ASSIDUOUS ENERGY LLC,OIL,ACTIVE,WELL,,,74,,509,,,,,,,,,
3.51094E+13,6/1/2012,0,5436,0,906,0,101089,2807851,0,0,181.2,0,30.2,HUNTON,,JULIUS,1,ASSIDUOUS ENERGY LLC,OIL,ACTIVE,WELL,,,74,,510,,,,,,,,,
3.51094E+13,7/1/2012,149,5077,0,995.17,0,101238,2812928,0,4.81,163.77,0,33.17,HUNTON,,JULIUS,1,ASSIDUOUS ENERGY LLC,OIL,ACTIVE,WELL,,,74,,511,,,,,,,,,
3.51094E+13,8/1/2012,0,4652,0,775.33,0,101238,2817580,0,0,150.06,0,25.84,HUNTON,,JULIUS,1,ASSIDUOUS ENERGY LLC,OIL,ACTIVE,WELL,,,74,,512,,,,,,,,,
3.51094E+13,9/1/2012,0,6223,0,1037.17,0,101238,2823803,0,0,207.43,0,34.57,HUNTON,,JULIUS,1,ASSIDUOUS ENERGY LLC,OIL,ACTIVE,WELL,,,74,,513,,,,,,,,,
3.51094E+13,10/1/2012,158,6497,0,1240.83,0,101396,2830300,0,5.1,209.58,0,41.36,HUNTON,,JULIUS,1,ASSIDUOUS ENERGY LLC,OIL,ACTIVE,WELL,,,74,,514,,,,,,,,,
3.51094E+13,11/1/2012,163,5796,0,1129,,101559,2836096,0,5.43,193.2,0,37.63,HUNTON,,JULIUS,1,ASSIDUOUS ENERGY LLC,OIL,ACTIVE,WELL,,,74,,515,,,,,,,,,
3.51094E+13,12/1/2012,0,5742,0,957,0,101559,2841838,0,0,185.23,0,31.9,HUNTON,,JULIUS,1,ASSIDUOUS ENERGY LLC,OIL,ACTIVE,WELL,,,74,,516,,,,,,,,,
3.51094E+13,1/1/2013,166,5764,0,1126.67,0,101725,2847602,0,5.35,185.94,0,37.56,HUNTON,,JULIUS,1,ASSIDUOUS ENERGY LLC,OIL,ACTIVE,WELL,,,74,,517,,,,,,,,,
3.51094E+13,2/1/2013,0,4049,0,674.83,0,101725,2851651,0,0,144.61,0,22.49,HUNTON,,JULIUS,1,ASSIDUOUS ENERGY LLC,OIL,ACTIVE,WELL,,,74,,518,,,,,,,,,
3.51094E+13,3/1/2013,160,6683,0,1273.83,0,101885,2858334,0,5.16,215.58,0,42.46,HUNTON,,JULIUS,1,ASSIDUOUS ENERGY LLC,OIL,ACTIVE,WELL,,,74,,519,,,,,,,,,
3.51094E+13,4/1/2013,0,6635,0,1105.83,0,101885,2864969,0,0,221.17,0,36.86,HUNTON,,JULIUS,1,ASSIDUOUS ENERGY LLC,OIL,ACTIVE,WELL,,,74,,520,,,,,,,,,
3.51094E+13,5/1/2013,0,6997,0,1166.17,0,101885,2871966,0,0,225.71,0,38.87,HUNTON,,JULIUS,1,ASSIDUOUS ENERGY LLC,OIL,ACTIVE,WELL,,,74,,521,,,,,,,,,
3.51094E+13,6/1/2013,0,5813,0,968.83,0,101885,2877779,0,0,193.77,0,32.29,HUNTON,,JULIUS,1,ASSIDUOUS ENERGY LLC,OIL,ACTIVE,WELL,,,74,,522,,,,,,,,,
3.51094E+13,7/1/2013,0,5123,0,853.83,0,101885,2882902,0,0,165.26,0,28.46,HUNTON,,JULIUS,1,ASSIDUOUS ENERGY LLC,OIL,ACTIVE,WELL,,,74,,523,,,,,,,,,
3.51094E+13,8/1/2013,0,5174,0,862.33,0,101885,2888076,0,0,166.9,0,28.74,HUNTON,,JULIUS,1,ASSIDUOUS ENERGY LLC,OIL,ACTIVE,WELL,,,74,,524,,,,,,,,,
3.51094E+13,9/1/2013,156,5066,0,1000.33,,102041,2893142,0,5.2,168.87,0,33.34,HUNTON,,JULIUS,1,ASSIDUOUS ENERGY LLC,OIL,ACTIVE,WELL,,,74,,525,,,,,,,,,
3.51094E+13,10/1/2013,0,4989,0,831.5,0,102041,2898131,0,0,160.94,0,27.72,HUNTON,,JULIUS,1,ASSIDUOUS ENERGY LLC,OIL,ACTIVE,WELL,,,74,,526,,,,,,,,,
3.51094E+13,11/1/2013,0,3313,0,552.17,0,102041,2901444,0,0,110.43,0,18.41,HUNTON,,JULIUS,1,ASSIDUOUS ENERGY LLC,OIL,ACTIVE,WELL,,,74,,527,,,,,,,,,
3.51094E+13,12/1/2013,163,4935,0,985.5,,102204,2906379,0,5.26,159.19,0,32.85,HUNTON,,JULIUS,1,ASSIDUOUS ENERGY LLC,OIL,ACTIVE,WELL,,,74,,528,,,,,,,,,
3.51094E+13,1/1/2014,0,5605,0,934.17,0,102204,2911984,0,0,180.81,0,31.14,HUNTON,,JULIUS,1,ASSIDUOUS ENERGY LLC,OIL,ACTIVE,WELL,,,74,,529,,,,,,,,,
3.51094E+13,2/1/2014,0,4440,0,740,0,102204,2916424,0,0,158.57,0,24.67,HUNTON,,JULIUS,1,ASSIDUOUS ENERGY LLC,OIL,ACTIVE,WELL,,,74,,530,,,,,,,,,
3.51094E+13,3/1/2014,0,6062,0,1010.33,0,102204,2922486,0,0,195.55,0,33.68,HUNTON,,JULIUS,1,ASSIDUOUS ENERGY LLC,OIL,ACTIVE,WELL,,,74,,531,,,,,,,,,
3.51094E+13,4/1/2014,164,5775,0,1126.5,,102368,2928261,0,5.47,192.5,0,37.55,HUNTON,,JULIUS,1,ASSIDUOUS ENERGY LLC,OIL,ACTIVE,WELL,,,74,,532,,,,,,,,,
3.51094E+13,5/1/2014,0,5693,0,948.83,0,102368,2933954,0,0,183.65,0,31.63,HUNTON,,JULIUS,1,ASSIDUOUS ENERGY LLC,OIL,ACTIVE,WELL,,,74,,533,,,,,,,,,
3.51094E+13,6/1/2014,0,4951,0,825.17,0,102368,2938905,0,0,165.03,0,27.51,HUNTON,,JULIUS,1,ASSIDUOUS ENERGY LLC,OIL,ACTIVE,WELL,,,74,,534,,,,,,,,,
3.51094E+13,7/1/2014,0,5388,0,898,0,102368,2944293,0,0,173.81,0,29.93,HUNTON,,JULIUS,1,ASSIDUOUS ENERGY LLC,OIL,ACTIVE,WELL,,,74,,535,,,,,,,,,
3.51094E+13,8/1/2014,0,5453,0,908.83,0,102368,2949746,0,0,175.9,0,30.29,HUNTON,,JULIUS,1,ASSIDUOUS ENERGY LLC,OIL,ACTIVE,WELL,,,74,,536,,,,,,,,,
3.51094E+13,9/1/2014,0,5120,0,853.33,0,102368,2954866,0,0,170.67,0,28.44,HUNTON,,JULIUS,1,ASSIDUOUS ENERGY LLC,OIL,ACTIVE,WELL,,,74,,537,,,,,,,,,
3.51094E+13,10/1/2014,167,5288,0,1048.33,0,102535,2960154,0,5.39,170.58,0,34.94,HUNTON,,JULIUS,1,ASSIDUOUS ENERGY LLC,OIL,ACTIVE,WELL,,,74,,538,,,,,,,,,
3.51094E+13,11/1/2014,0,4369,0,728.17,0,102535,2964523,0,0,145.63,0,24.27,HUNTON,,JULIUS,1,ASSIDUOUS ENERGY LLC,OIL,ACTIVE,WELL,,,74,,539,,,,,,,,,
3.51094E+13,12/1/2014,0,6888,0,1148,0,102535,2971411,0,0,222.19,0,38.27,HUNTON,,JULIUS,1,ASSIDUOUS ENERGY LLC,OIL,ACTIVE,WELL,,,74,,540,,,,,,,,,
3.51094E+13,1/1/2015,0,2150,0,358.33,0,102535,2973561,0,0,69.35,0,11.94,HUNTON,,JULIUS,1,ASSIDUOUS ENERGY LLC,OIL,ACTIVE,WELL,,,74,,541,,,,,,,,,
3.51094E+13,2/1/2015,0,7230,0,1205,0,102535,2980791,0,0,258.21,0,40.17,HUNTON,,JULIUS,1,ASSIDUOUS ENERGY LLC,OIL,ACTIVE,WELL,,,74,,542,,,,,,,,,
3.51094E+13,3/1/2015,163,7011,0,1331.5,,102698,2987802,0,5.26,226.16,0,44.38,HUNTON,,JULIUS,1,ASSIDUOUS ENERGY LLC,OIL,ACTIVE,WELL,,,74,,543,,,,,,,,,
3.51094E+13,4/1/2015,0,6317,0,1052.83,,102698,2994119,0,0,210.57,0,35.09,HUNTON,,JULIUS,1,ASSIDUOUS ENERGY LLC,OIL,ACTIVE,WELL,,,74,,544,,,,,,,,,
3.51094E+13,5/1/2015,0,5672,0,945.33,0,102698,2999791,0,0,182.97,0,31.51,HUNTON,,JULIUS,1,ASSIDUOUS ENERGY LLC,OIL,ACTIVE,WELL,,,74,,545,,,,,,,,,
3.51094E+13,6/1/2015,0,4813,0,802.17,,102698,3004604,0,0,160.43,0,26.74,HUNTON,,JULIUS,1,ASSIDUOUS ENERGY LLC,OIL,ACTIVE,WELL,,,74,,546,,,,,,,,,
3.51094E+13,7/1/2015,0,6229,0,1038.17,0,102698,3010833,0,0,200.94,0,34.61,HUNTON,,JULIUS,1,ASSIDUOUS ENERGY LLC,OIL,ACTIVE,WELL,,,74,,547,,,,,,,,,
3.51094E+13,8/1/2015,0,4289,0,714.83,,102698,3015122,0,0,138.35,0,23.83,HUNTON,,JULIUS,1,ASSIDUOUS ENERGY LLC,OIL,ACTIVE,WELL,,,74,,548,,,,,,,,,
3.51094E+13,9/1/2015,0,5881,0,980.17,0,102698,3021003,0,0,196.03,0,32.67,HUNTON,,JULIUS,1,ASSIDUOUS ENERGY LLC,OIL,ACTIVE,WELL,,,74,,549,,,,,,,,,
3.51094E+13,10/1/2015,161,5246,0,1035.33,,102859,3026249,0,5.19,169.23,0,34.51,HUNTON,,JULIUS,1,ASSIDUOUS ENERGY LLC,OIL,ACTIVE,WELL,,,74,,550,,,,,,,,,
3.51094E+13,11/1/2015,0,5125,0,854.17,0,102859,3031374,0,0,170.83,0,28.47,HUNTON,,JULIUS,1,ASSIDUOUS ENERGY LLC,OIL,ACTIVE,WELL,,,74,,551,,,,,,,,,
3.51094E+13,12/1/2015,0,4099,0,683.17,,102859,3035473,0,0,132.23,0,22.77,HUNTON,,JULIUS,1,ASSIDUOUS ENERGY LLC,OIL,ACTIVE,WELL,,,74,,552,,,,,,,,,
3.51094E+13,1/1/2016,0,4348,0,724.67,,102859,3039821,0,0,140.26,0,24.16,HUNTON,,JULIUS,1,ASSIDUOUS ENERGY LLC,OIL,ACTIVE,WELL,,,74,,553,,,,,,,,,
3.51094E+13,2/1/2016,166,5150,0,1024.33,,103025,3044971,0,5.72,177.59,0,34.14,HUNTON,,JULIUS,1,ASSIDUOUS ENERGY LLC,OIL,ACTIVE,WELL,,,74,,554,,,,,,,,,
3.51094E+13,3/1/2016,0,5808,0,968,,103025,3050779,0,0,187.35,0,32.27,HUNTON,,JULIUS,1,ASSIDUOUS ENERGY LLC,OIL,ACTIVE,WELL,,,74,,555,,,,,,,,,
3.51094E+13,4/1/2016,0,2892,0,482,,103025,3053671,0,0,96.4,0,16.07,HUNTON,,JULIUS,1,ASSIDUOUS ENERGY LLC,OIL,ACTIVE,WELL,,,74,,556,,,,,,,,,
3.51094E+13,5/1/2016,0,4350,0,725,,103025,3058021,0,0,140.32,0,24.17,HUNTON,,JULIUS,1,ASSIDUOUS ENERGY LLC,OIL,ACTIVE,WELL,,,74,,557,,,,,,,,,
3.51094E+13,6/1/2016,0,117,0,19.5,,103025,3058138,0,0,3.9,0,0.65,HUNTON,,JULIUS,1,ASSIDUOUS ENERGY LLC,OIL,ACTIVE,WELL,,,74,,558,,,,,,,,,
3.51094E+13,7/1/2016,0,1167,0,194.5,,103025,3059305,0,0,37.65,0,6.48,HUNTON,,JULIUS,1,ASSIDUOUS ENERGY LLC,OIL,ACTIVE,WELL,,,74,,559,,,,,,,,,
3.51094E+13,8/1/2016,0,5307,0,884.5,,103025,3064612,0,0,171.19,0,29.48,HUNTON,,JULIUS,1,ASSIDUOUS ENERGY LLC,OIL,ACTIVE,WELL,,,74,,560,,,,,,,,,
3.51094E+13,9/1/2016,0,5881,0,980.17,,103025,3070493,0,0,196.03,0,32.67,HUNTON,,JULIUS,1,ASSIDUOUS ENERGY LLC,OIL,ACTIVE,WELL,,,74,,561,,,,,,,,,
3.51094E+13,10/1/2016,0,4825,0,804.17,,103025,3075318,0,0,155.65,0,26.81,HUNTON,,JULIUS,1,ASSIDUOUS ENERGY LLC,OIL,ACTIVE,WELL,,,74,,562,,,,,,,,,
3.51094E+13,11/1/2016,0,4594,0,765.67,,103025,3079912,0,0,153.13,0,25.52,HUNTON,,JULIUS,1,ASSIDUOUS ENERGY LLC,OIL,ACTIVE,WELL,,,74,,563,,,,,,,,,
3.51094E+13,12/1/2016,0,4536,0,756,,103025,3084448,0,0,146.32,0,25.2,HUNTON,,JULIUS,1,ASSIDUOUS ENERGY LLC,OIL,ACTIVE,WELL,,,74,,564,,,,,,,,,
3.51094E+13,1/1/2017,0,2564,0,427.33,,103025,3087012,0,0,82.71,0,14.24,HUNTON,,JULIUS,1,ASSIDUOUS ENERGY LLC,OIL,ACTIVE,WELL,,,74,,565,,,,,,,,,
3.51094E+13,2/1/2017,0,4762,0,793.67,,103025,3091774,0,0,170.07,0,26.46,HUNTON,,JULIUS,1,ASSIDUOUS ENERGY LLC,OIL,ACTIVE,WELL,,,74,,566,,,,,,,,,
3.51094E+13,3/1/2017,0,4618,0,769.67,,103025,3096392,0,0,148.97,0,25.66,HUNTON,,JULIUS,1,ASSIDUOUS ENERGY LLC,OIL,ACTIVE,WELL,,,74,,567,,,,,,,,,
3.51094E+13,4/1/2017,0,3956,0,659.33,,103025,3100348,0,0,131.87,0,21.98,HUNTON,,JULIUS,1,ASSIDUOUS ENERGY LLC,OIL,ACTIVE,WELL,,,74,,568,,,,,,,,,
3.51094E+13,5/1/2017,0,4072,0,678.67,,103025,3104420,0,0,131.35,0,22.62,HUNTON,,JULIUS,1,ASSIDUOUS ENERGY LLC,OIL,ACTIVE,WELL,,,74,,569,,,,,,,,,
3.51094E+13,6/1/2017,159,4224,0,863,,103184,3108644,0,5.3,140.8,0,28.77,HUNTON,,JULIUS,1,ASSIDUOUS ENERGY LLC,OIL,ACTIVE,WELL,,,74,,570,,,,,,,,,
3.51094E+13,7/1/2017,0,4043,0,673.83,,103184,3112687,0,0,130.42,0,22.46,HUNTON,,JULIUS,1,ASSIDUOUS ENERGY LLC,OIL,ACTIVE,WELL,,,74,,571,,,,,,,,,
3.51094E+13,8/1/2017,0,3861,0,643.5,,103184,3116548,0,0,124.55,0,21.45,HUNTON,,JULIUS,1,ASSIDUOUS ENERGY LLC,OIL,ACTIVE,WELL,,,74,,572,,,,,,,,,
3.51094E+13,9/1/2017,0,3598,0,599.67,,103184,3120146,0,0,119.93,0,19.99,HUNTON,,JULIUS,1,ASSIDUOUS ENERGY LLC,OIL,ACTIVE,WELL,,,74,,573,,,,,,,,,
3.51094E+13,10/1/2017,0,3577,0,596.17,,103184,3123723,0,0,115.39,0,19.87,HUNTON,,JULIUS,1,ASSIDUOUS ENERGY LLC,OIL,ACTIVE,WELL,,,74,,574,,,,,,,,,
3.51094E+13,11/1/2017,0,3447,0,574.5,,103184,3127170,0,0,114.9,0,19.15,HUNTON,,JULIUS,1,ASSIDUOUS ENERGY LLC,OIL,ACTIVE,WELL,,,74,,575,,,,,,,,,
3.51094E+13,12/1/2017,160,3111,0,678.5,,103344,3130281,0,5.16,100.35,0,22.62,HUNTON,,JULIUS,1,ASSIDUOUS ENERGY LLC,OIL,ACTIVE,WELL,,,74,,576,,,,,,,,,
3.51094E+13,1/1/2018,0,2796,0,466,,103344,3133077,0,0,90.19,0,15.53,HUNTON,,JULIUS,1,ASSIDUOUS ENERGY LLC,OIL,ACTIVE,WELL,,,74,,577,,,,,,,,,
3.51094E+13,2/1/2018,0,2621,0,436.83,,103344,3135698,0,0,93.61,0,14.56,HUNTON,,JULIUS,1,ASSIDUOUS ENERGY LLC,OIL,ACTIVE,WELL,,,74,,578,,,,,,,,,
3.51094E+13,3/1/2018,0,2864,0,477.33,,103344,3138562,0,0,92.39,0,15.91,HUNTON,,JULIUS,1,ASSIDUOUS ENERGY LLC,OIL,ACTIVE,WELL,,,74,,579,,,,,,,,,
3.51094E+13,4/1/2018,0,2796,0,466,,103344,3141358,0,0,93.2,0,15.53,HUNTON,,JULIUS,1,ASSIDUOUS ENERGY LLC,OIL,ACTIVE,WELL,,,74,,580,,,,,,,,,
3.51094E+13,5/1/2018,0,2690,0,448.33,,103344,3144048,0,0,86.77,0,14.94,HUNTON,,JULIUS,1,ASSIDUOUS ENERGY LLC,OIL,ACTIVE,WELL,,,74,,581,,,,,,,,,
3.51094E+13,6/1/2018,0,2706,0,451,,103344,3146754,0,0,90.2,0,15.03,HUNTON,,JULIUS,1,ASSIDUOUS ENERGY LLC,OIL,ACTIVE,WELL,,,74,,582,,,,,,,,,
3.51094E+13,7/1/2018,159,2611,0,594.17,,103503,3149365,0,5.13,84.23,0,19.81,HUNTON,,JULIUS,1,ASSIDUOUS ENERGY LLC,OIL,ACTIVE,WELL,,,74,,583,,,,,,,,,
3.51094E+13,8/1/2018,0,2551,0,425.17,,103503,3151916,0,0,82.29,0,14.17,HUNTON,,JULIUS,1,ASSIDUOUS ENERGY LLC,OIL,ACTIVE,WELL,,,74,,584,,,,,,,,,
3.51094E+13,9/1/2018,0,2836,0,472.67,,103503,3154752,0,0,94.53,0,15.76,HUNTON,,JULIUS,1,ASSIDUOUS ENERGY LLC,OIL,ACTIVE,WELL,,,74,,585,,,,,,,,,
3.51094E+13,10/1/2018,0,2684,0,447.33,,103503,3157436,0,0,86.58,0,14.91,HUNTON,,JULIUS,1,ASSIDUOUS ENERGY LLC,OIL,ACTIVE,WELL,,,74,,586,,,,,,,,,
3.51094E+13,11/1/2018,0,2799,0,466.5,,103503,3160235,0,0,93.3,0,15.55,HUNTON,,JULIUS,1,ASSIDUOUS ENERGY LLC,OIL,ACTIVE,WELL,,,74,,587,,,,,,,,,
3.51094E+13,12/1/2018,0,2153,0,358.83,,103503,3162388,0,0,69.45,0,11.96,HUNTON,,JULIUS,1,ASSIDUOUS ENERGY LLC,OIL,ACTIVE,WELL,,,74,,588,,,,,,,,,
3.51094E+13,1/1/2019,0,2295,0,382.5,,103503,3164683,0,0,74.03,0,12.75,HUNTON,,JULIUS,1,ASSIDUOUS ENERGY LLC,OIL,ACTIVE,WELL,,,74,,589,,,,,,,,,
3.51094E+13,2/1/2019,0,2247,0,374.5,,103503,3166930,0,0,80.25,0,12.48,HUNTON,,JULIUS,1,ASSIDUOUS ENERGY LLC,OIL,ACTIVE,WELL,,,74,,590,,,,,,,,,
3.51094E+13,3/1/2019,0,2838,0,473,,103503,3169768,0,0,91.55,0,15.77,HUNTON,,JULIUS,1,ASSIDUOUS ENERGY LLC,OIL,ACTIVE,WELL,,,74,,591,,,,,,,,,
3.51094E+13,4/1/2019,0,2903,0,483.83,,103503,3172671,0,0,96.77,0,16.13,HUNTON,,JULIUS,1,ASSIDUOUS ENERGY LLC,OIL,ACTIVE,WELL,,,74,,592,,,,,,,,,
3.51094E+13,5/1/2019,0,3022,0,503.67,,103503,3175693,0,0,97.48,0,16.79,HUNTON,,JULIUS,1,ASSIDUOUS ENERGY LLC,OIL,ACTIVE,WELL,,,74,,593,,,,,,,,,
3.51094E+13,6/1/2019,0,5798,0,966.33,,103503,3181491,0,0,193.27,0,32.21,HUNTON,,JULIUS,1,ASSIDUOUS ENERGY LLC,OIL,ACTIVE,WELL,,,74,,594,,,,,,,,,
3.51094E+13,7/1/2019,0,3297,0,549.5,,103503,3184788,0,0,106.35,0,18.32,HUNTON,,JULIUS,1,ASSIDUOUS ENERGY LLC,OIL,ACTIVE,WELL,,,74,,595,,,,,,,,,
3.51094E+13,8/1/2019,0,3273,0,545.5,,103503,3188061,0,0,105.58,0,18.18,HUNTON,,JULIUS,1,ASSIDUOUS ENERGY LLC,OIL,ACTIVE,WELL,,,74,,596,,,,,,,,,
3.51094E+13,9/1/2019,0,1414,0,235.67,,103503,3189475,0,0,47.13,0,7.86,HUNTON,,JULIUS,1,ASSIDUOUS ENERGY LLC,OIL,ACTIVE,WELL,,,74,,597,,,,,,,,,
3.51094E+13,10/1/2019,0,3962,0,660.33,,103503,3193437,0,0,127.81,0,22.01,HUNTON,,JULIUS,1,ASSIDUOUS ENERGY LLC,OIL,ACTIVE,WELL,,,74,,598,,,,,,,,,
3.51094E+13,11/1/2019,0,3823,0,637.17,,103503,3197260,0,0,127.43,0,21.24,HUNTON,,JULIUS,1,ASSIDUOUS ENERGY LLC,OIL,ACTIVE,WELL,,,74,,599,,,,,,,,,
3.51094E+13,12/1/2019,112,3610,0,713.67,,103615,3200870,0,3.61,116.45,0,23.79,HUNTON,,JULIUS,1,ASSIDUOUS ENERGY LLC,OIL,ACTIVE,WELL,,,74,,600,,,,,,,,,
3.51094E+13,1/1/2020,0,3458,0,576.33,,103615,3204328,0,0,111.55,0,19.21,HUNTON,,JULIUS,1,ASSIDUOUS ENERGY LLC,OIL,ACTIVE,WELL,,,74,,601,,,,,,,,,
3.51094E+13,2/1/2020,0,3506,0,584.33,,103615,3207834,0,0,120.9,0,19.48,HUNTON,,JULIUS,1,ASSIDUOUS ENERGY LLC,OIL,ACTIVE,WELL,,,74,,602,,,,,,,,,
3.51094E+13,3/1/2020,0,3761,0,626.83,,103615,3211595,0,0,121.32,0,20.89,HUNTON,,JULIUS,1,ASSIDUOUS ENERGY LLC,OIL,ACTIVE,WELL,,,74,,603,,,,,,,,,
3.51094E+13,4/1/2020,0,3563,0,593.83,,103615,3215158,0,0,118.77,0,19.79,HUNTON,,JULIUS,1,ASSIDUOUS ENERGY LLC,OIL,ACTIVE,WELL,,,74,,604,,,,,,,,,
3.51094E+13,5/1/2020,0,4024,0,670.67,,103615,3219182,0,0,129.81,0,22.36,HUNTON,,JULIUS,1,ASSIDUOUS ENERGY LLC,OIL,ACTIVE,WELL,,,74,,605,,,,,,,,,
3.51094E+13,6/1/2020,0,3912,0,652,,103615,3223094,0,0,130.4,0,21.73,HUNTON,,JULIUS,1,ASSIDUOUS ENERGY LLC,OIL,ACTIVE,WELL,,,74,,606,,,,,,,,,
3.51094E+13,7/1/2020,0,4848,0,808,,103615,3227942,0,0,156.39,0,26.93,HUNTON,,JULIUS,1,ASSIDUOUS ENERGY LLC,OIL,ACTIVE,WELL,,,74,,607,,,,,,,,,
3.51094E+13,8/1/2020,0,5638,0,939.67,,103615,3233580,0,0,181.87,0,31.32,HUNTON,,JULIUS,1,ASSIDUOUS ENERGY LLC,OIL,ACTIVE,WELL,,,74,,608,,,,,,,,,
3.51094E+13,9/1/2020,0,5329,0,888.17,,103615,3238909,0,0,177.63,0,29.61,HUNTON,,JULIUS,1,ASSIDUOUS ENERGY LLC,OIL,ACTIVE,WELL,,,74,,609,,,,,,,,,
3.51094E+13,10/1/2020,0,5085,0,847.5,,103615,3243994,0,0,164.03,0,28.25,HUNTON,,JULIUS,1,ASSIDUOUS ENERGY LLC,OIL,ACTIVE,WELL,,,74,,610,,,,,,,,,
3.51094E+13,11/1/2020,0,5423,0,903.83,,103615,3249417,0,0,180.77,0,30.13,HUNTON,,JULIUS,1,ASSIDUOUS ENERGY LLC,OIL,ACTIVE,WELL,,,74,,611,,,,,,,,,
3.51094E+13,12/1/2020,0,5587,0,931.17,,103615,3255004,0,0,180.23,0,31.04,HUNTON,,JULIUS,1,ASSIDUOUS ENERGY LLC,OIL,ACTIVE,WELL,,,74,,612,,,,,,,,,
3.51094E+13,1/1/2021,162,5249,0,1036.83,,103777,3260253,0,5.23,169.32,0,34.56,HUNTON,,JULIUS,1,ASSIDUOUS ENERGY LLC,OIL,ACTIVE,WELL,,,74,,613,,,,,,,,,
3.51094E+13,2/1/2021,0,3104,0,517.33,,103777,3263357,0,0,110.86,0,17.24,HUNTON,,JULIUS,1,ASSIDUOUS ENERGY LLC,OIL,ACTIVE,WELL,,,74,,614,,,,,,,,,
3.51094E+13,3/1/2021,0,4454,0,742.33,,103777,3267811,0,0,143.68,0,24.74,HUNTON,,JULIUS,1,ASSIDUOUS ENERGY LLC,OIL,ACTIVE,WELL,,,74,,615,,,,,,,,,
3.51094E+13,4/1/2021,160,5806,0,1127.67,,103937,3273617,0,5.33,193.53,0,37.59,HUNTON,,JULIUS,1,ASSIDUOUS ENERGY LLC,OIL,ACTIVE,WELL,,,74,,616,,,,,,,,,
3.51094E+13,5/1/2021,0,5901,0,983.5,,103937,3279518,0,0,190.35,0,32.78,HUNTON,,JULIUS,1,ASSIDUOUS ENERGY LLC,OIL,ACTIVE,WELL,,,74,,617,,,,,,,,,
3.51094E+13,6/1/2021,0,5240,0,873.33,,103937,3284758,0,0,174.67,0,29.11,HUNTON,,JULIUS,1,ASSIDUOUS ENERGY LLC,OIL,ACTIVE,WELL,,,74,,618,,,,,,,,,
3.51094E+13,7/1/2021,0,5549,0,924.83,,103937,3290307,0,0,179,0,30.83,HUNTON,,JULIUS,1,ASSIDUOUS ENERGY LLC,OIL,ACTIVE,WELL,,,74,,619,,,,,,,,,
3.51094E+13,8/1/2021,0,5572,0,928.67,,103937,3295879,0,0,179.74,0,30.96,HUNTON,,JULIUS,1,ASSIDUOUS ENERGY LLC,OIL,ACTIVE,WELL,,,74,,620,,,,,,,,,
3.51094E+13,9/1/2021,0,5500,0,916.67,,103937,3301379,0,0,183.33,0,30.56,HUNTON,,JULIUS,1,ASSIDUOUS ENERGY LLC,OIL,ACTIVE,WELL,,,74,,621,,,,,,,,,
3.51094E+13,10/1/2021,0,4468,0,744.67,,103937,3305847,0,0,144.13,0,24.82,HUNTON,,JULIUS,1,ASSIDUOUS ENERGY LLC,OIL,ACTIVE,WELL,,,74,,622,,,,,,,,,
3.51094E+13,11/1/2021,0,5515,0,919.17,,103937,3311362,0,0,183.83,0,30.64,HUNTON,,JULIUS,1,ASSIDUOUS ENERGY LLC,OIL,ACTIVE,WELL,,,74,,623,,,,,,,,,
3.51094E+13,12/1/2021,0,4774,0,795.67,,103937,3316136,0,0,154,0,26.52,HUNTON,,JULIUS,1,ASSIDUOUS ENERGY LLC,OIL,ACTIVE,WELL,,,74,,624,,,,,,,,,
3.51094E+13,1/1/2022,0,5101,0,850.17,,103937,3321237,0,0,164.55,0,28.34,HUNTON,,JULIUS,1,ASSIDUOUS ENERGY LLC,OIL,ACTIVE,WELL,,,74,,625,,,,,,,,,
3.51094E+13,2/1/2022,0,4580,0,763.33,,103937,3325817,0,0,163.57,0,25.44,HUNTON,,JULIUS,1,ASSIDUOUS ENERGY LLC,OIL,ACTIVE,WELL,,,74,,626,,,,,,,,,
3.51094E+13,3/1/2022,0,5784,0,964,,103937,3331601,0,0,186.58,0,32.13,HUNTON,,JULIUS,1,ASSIDUOUS ENERGY LLC,OIL,ACTIVE,WELL,,,74,,627,,,,,,,,,
3.51094E+13,4/1/2022,159,5589,0,1090.5,,104096,3337190,0,5.3,186.3,0,36.35,HUNTON,,JULIUS,1,ASSIDUOUS ENERGY LLC,OIL,ACTIVE,WELL,,,74,,628,,,,,,,,,
3.51094E+13,6/1/2022,0,3957,0,659.5,,104096,3341147,0,0,131.9,0,21.98,HUNTON,,JULIUS,1,ASSIDUOUS ENERGY LLC,OIL,ACTIVE,WELL,,,74,,630,,,,,,,,,
3.51094E+13,7/1/2022,0,6507,0,1084.5,,104096,3347654,0,0,209.9,0,36.15,HUNTON,,JULIUS,1,ASSIDUOUS ENERGY LLC,OIL,ACTIVE,WELL,,,74,,631,,,,,,,,,
3.51094E+13,8/1/2022,0,6346,0,1057.67,,104096,3354000,0,0,204.71,0,35.26,HUNTON,,JULIUS,1,ASSIDUOUS ENERGY LLC,OIL,ACTIVE,WELL,,,74,,632,,,,,,,,,
3.51094E+13,9/1/2022,0,6132,0,1022,,104096,3360132,0,0,204.4,0,34.07,HUNTON,,JULIUS,1,ASSIDUOUS ENERGY LLC,OIL,ACTIVE,WELL,,,74,,633,,,,,,,,,
3.51094E+13,10/1/2022,0,5770,0,961.67,,104096,3365902,0,0,186.13,0,32.06,HUNTON,,JULIUS,1,ASSIDUOUS ENERGY LLC,OIL,ACTIVE,WELL,,,74,,634,,,,,,,,,
3.51094E+13,11/1/2022,0,5119,0,853.17,,104096,3371021,0,0,170.63,0,28.44,HUNTON,,JULIUS,1,ASSIDUOUS ENERGY LLC,OIL,ACTIVE,WELL,,,74,,635,,,,,,,,,
3.51094E+13,12/1/2022,0,4652,0,775.33,,104096,3375673,0,0,150.06,0,25.84,HUNTON,,JULIUS,1,ASSIDUOUS ENERGY LLC,OIL,ACTIVE,WELL,,,74,,636,,,,,,,,,
3.51094E+13,1/1/2023,0,4865,0,810.83,,104096,3380538,0,0,156.94,0,27.03,HUNTON,,JULIUS,1,ASSIDUOUS ENERGY LLC,OIL,ACTIVE,WELL,,,74,,637,,,,,,,,,
3.51094E+13,2/1/2023,0,4287,0,714.5,,104096,3384825,0,0,153.11,0,23.82,HUNTON,,JULIUS,1,ASSIDUOUS ENERGY LLC,OIL,ACTIVE,WELL,,,74,,638,,,,,,,,,
3.51094E+13,3/1/2023,0,4448,0,741.33,,104096,3389273,0,0,143.48,0,24.71,HUNTON,,JULIUS,1,ASSIDUOUS ENERGY LLC,OIL,ACTIVE,WELL,,,74,,639,,,,,,,,,
3.51094E+13,4/1/2023,0,4255,0,709.17,,104096,3393528,0,0,141.83,0,23.64,HUNTON,,JULIUS,1,ASSIDUOUS ENERGY LLC,OIL,ACTIVE,WELL,,,74,,640,,,,,,,,,
3.51094E+13,5/1/2023,0,4373,0,728.83,,104096,3397901,0,0,141.06,0,24.29,HUNTON,,JULIUS,1,ASSIDUOUS ENERGY LLC,OIL,ACTIVE,WELL,,,74,,641,,,,,,,,,
3.51094E+13,6/1/2023,0,4126,0,687.67,,104096,3402027,0,0,137.53,0,22.92,HUNTON,,JULIUS,1,ASSIDUOUS ENERGY LLC,OIL,ACTIVE,WELL,,,74,,642,,,,,,,,,
3.51094E+13,7/1/2023,0,4620,0,770,,104096,3406647,0,0,149.03,0,25.67,HUNTON,,JULIUS,1,ASSIDUOUS ENERGY LLC,OIL,ACTIVE,WELL,,,74,,643,,,,,,,,,
3.51094E+13,8/1/2023,0,4580,0,763.33,,104096,3411227,0,0,147.74,0,25.44,HUNTON,,JULIUS,1,ASSIDUOUS ENERGY LLC,OIL,ACTIVE,WELL,,,74,,644,,,,,,,,,
3.51094E+13,9/1/2023,0,4220,0,703.33,,104096,3415447,0,0,140.67,0,23.44,HUNTON,,JULIUS,1,ASSIDUOUS ENERGY LLC,OIL,ACTIVE,WELL,,,74,,645,,,,,,,,,
3.51094E+13,10/1/2023,0,3292,0,548.67,,104096,3418739,0,0,106.19,0,18.29,HUNTON,,JULIUS,1,ASSIDUOUS ENERGY LLC,OIL,ACTIVE,WELL,,,74,,646,,,,,,,,,
3.51094E+13,11/1/2023,0,4273,0,712.17,,104096,3423012,0,0,142.43,0,23.74,HUNTON,,JULIUS,1,ASSIDUOUS ENERGY LLC,OIL,ACTIVE,WELL,,,74,,647,,,,,,,,,
3.51094E+13,12/1/2023,0,3746,0,624.33,,104096,3426758,0,0,120.84,0,20.81,HUNTON,,JULIUS,1,ASSIDUOUS ENERGY LLC,OIL,ACTIVE,WELL,,,74,,648,,,,,,,,,
3.51094E+13,1/1/2024,0,3239,0,539.83,,104096,3429997,0,0,104.48,0,17.99,HUNTON,,JULIUS,1,ASSIDUOUS ENERGY LLC,OIL,ACTIVE,WELL,,,74,,649,,,,,,,,,
3.51094E+13,2/1/2024,0,1856,0,309.33,,104096,3431853,0,0,64,0,10.31,HUNTON,,JULIUS,1,ASSIDUOUS ENERGY LLC,OIL,ACTIVE,WELL,,,74,,650,,,,,,,,,
3.51094E+13,3/1/2024,0,5521,0,920.17,,104096,3437374,0,0,178.1,0,30.67,HUNTON,,JULIUS,1,ASSIDUOUS ENERGY LLC,OIL,ACTIVE,WELL,,,74,,651,,,,,,,,,
3.51094E+13,4/1/2024,0,4793,0,798.83,,104096,3442167,0,0,159.77,0,26.63,HUNTON,,JULIUS,1,ASSIDUOUS ENERGY LLC,OIL,ACTIVE,WELL,,,74,,652,,,,,,,,,
3.51094E+13,5/1/2024,0,4729,0,788.17,,104096,3446896,0,0,152.55,0,26.27,HUNTON,,JULIUS,1,ASSIDUOUS ENERGY LLC,OIL,ACTIVE,WELL,,,74,,653,,,,,,,,,
3.51094E+13,6/1/2024,0,3002,0,500.33,,104096,3449898,0,0,100.07,0,16.68,HUNTON,,JULIUS,1,ASSIDUOUS ENERGY LLC,OIL,ACTIVE,WELL,,,74,,654,,,,,,,,,
3.51094E+13,7/1/2024,0,2807,0,467.83,,104096,3452705,0,0,90.55,0,15.59,HUNTON,,JULIUS,1,ASSIDUOUS ENERGY LLC,OIL,ACTIVE,WELL,,,74,,655,,,,,,,,,
3.51094E+13,8/1/2024,0,3250,0,541.67,,104096,3455955,0,0,104.84,0,18.06,HUNTON,,JULIUS,1,ASSIDUOUS ENERGY LLC,OIL,ACTIVE,WELL,,,74,,656,,,,,,,,,
3.51094E+13,9/1/2024,0,3294,0,549,,104096,3459249,0,0,109.8,0,18.3,HUNTON,,JULIUS,1,ASSIDUOUS ENERGY LLC,OIL,ACTIVE,WELL,,,74,,657,,,,,,,,,
3.51094E+13,10/1/2024,0,5759,0,959.83,,104096,3465008,0,0,185.77,0,31.99,HUNTON,,JULIUS,1,ASSIDUOUS ENERGY LLC,OIL,ACTIVE,WELL,,,74,,658,,,,,,,,,
3.51094E+13,11/1/2024,0,4847,0,807.83,,104096,3469855,0,0,161.57,0,26.93,HUNTON,,JULIUS,1,ASSIDUOUS ENERGY LLC,OIL,ACTIVE,WELL,,,74,,659,,,,,,,,,
3.51094E+13,12/1/2024,0,4634,0,772.33,,104096,3474489,0,0,149.48,0,25.74,HUNTON,,JULIUS,1,ASSIDUOUS ENERGY LLC,OIL,ACTIVE,WELL,,,74,,660,,,,,,,,,
3.51094E+13,1/1/2025,0,3786,0,631,,104096,3478275,0,0,122.13,0,21.03,HUNTON,,JULIUS,1,ASSIDUOUS ENERGY LLC,OIL,ACTIVE,WELL,,,74,,661,,,,,,,,,
3.51094E+13,2/1/2025,0,3112,0,518.67,,104096,3481387,0,0,111.14,0,17.29,HUNTON,,JULIUS,1,ASSIDUOUS ENERGY LLC,OIL,ACTIVE,WELL,,,74,,662,,,,,,,,,
3.51094E+13,3/1/2025,0,6362,0,1060.33,,104096,3487749,0,0,205.23,0,35.34,HUNTON,,JULIUS,1,ASSIDUOUS ENERGY LLC,OIL,ACTIVE,WELL,,,74,,663,,,,,,,,,
